Workbook
Name Acuity_E: Inputs!$B$12
Name Acuity_M: Inputs!$B$11
Name Acuity_N: Inputs!$B$13
Name Arr_E: Inputs!$B$6
Name Arr_M: Inputs!$B$5
Name Arr_N: Inputs!$B$7
Name Avail_Doc: Inputs!$B$28
Name Avail_Nurse: Inputs!$B$29
Name Avail_Tech: Inputs!$B$30
Name BaseAbsence_Doc: Inputs!$B$74
Name BaseAbsence_Nurse: Inputs!$B$75
Name BaseAbsence_Tech: Inputs!$B$76
Name BedCostPerBed: Inputs!$B$40
Name BedHr_E: Inputs!$B$15
Name BedHr_M: Inputs!$B$14
Name BedHr_N: Inputs!$B$16
Name BedHrVariability: Inputs!$B$78
Name BedsAdded: Inputs!$B$41
Name BedsCurrent: Inputs!$B$38
Name BedsMax: Inputs!$B$39
Name Cap_Doc: Inputs!$B$19
Name Cap_Nurse: Inputs!$B$20
Name Cap_Tech: Inputs!$B$21
Name DivertShare: Inputs!$B$55
Name DocAbsence: Inputs!$B$61
Name DocUnavail: Inputs!$B$64
Name ImgBase: Inputs!$B$42
Name ImgExpAdd: Inputs!$B$43
Name ImgExpCost: Inputs!$B$44
Name ImgExpOn: Inputs!$B$45
Name IncidentOn: Inputs!$B$58
Name IncidentSeverity: Inputs!$B$60
Name IncidentShiftNum: Inputs!$B$59
Name LabBase: Inputs!$B$46
Name LabExpAdd: Inputs!$B$47
Name LabExpCost: Inputs!$B$48
Name LabExpOn: Inputs!$B$49
Name NumTrials: Inputs!$B$70
Name NurseAbsence: Inputs!$B$62
Name NurseUnavail: Inputs!$B$65
Name OTCapPct: Inputs!$B$34
Name OTCost_Doc: Inputs!$B$25
Name OTCost_Nurse: Inputs!$B$26
Name OTCost_Tech: Inputs!$B$27
Name P_Complex: Inputs!$B$72
Name P_Incident: Inputs!$B$77
Name P_Normal: Inputs!$B$71
Name P_Severe: Inputs!$B$73
Name PenBedHr: Inputs!$B$54
Name PenDiverted: Inputs!$B$53
Name PenUncovered: Inputs!$B$52
Name RegCost_Doc: Inputs!$B$22
Name RegCost_Nurse: Inputs!$B$23
Name RegCost_Tech: Inputs!$B$24
Name SD_E: Inputs!$B$9
Name SD_M: Inputs!$B$8
Name SD_N: Inputs!$B$10
Name ServiceTarget: Inputs!$B$33
Name ShiftHours: Inputs!$B$35
Name TechAbsence: Inputs!$B$63

Sheet Inputs
A1: Metro Care Hospital
A4: 1. Arrivals & Case Mix (Exhibit 1)
A5: Morning mean arrivals | B5: 85
A6: Evening mean arrivals | B6: 120
A7: Night mean arrivals | B7: 65
A8: Morning arrivals std dev | B8: 12
A9: Evening arrivals std dev | B9: 18
A10: Night arrivals std dev | B10: 10
A11: Morning high-acuity share | B11: 0.22
A12: Evening high-acuity share | B12: 0.28
A13: Night high-acuity share | B13: 0.3
A14: Morning avg bed-hours/patient | B14: 2.1
A15: Evening avg bed-hours/patient | B15: 2.5
A16: Night avg bed-hours/patient | B16: 2.7
A18: 2. Resource Productivity, Cost & Availability (Exhibit 2)
A19: Doctor patients/shift capacity | B19: 18
A20: Nurse patients/shift capacity | B20: 12
A21: Technician patients/shift capacity | B21: 30
A22: Doctor regular cost / shift | B22: 9000
A23: Nurse regular cost / shift | B23: 4500
A24: Technician regular cost / shift | B24: 3500
A25: Doctor overtime cost / shift | B25: 13500
A26: Nurse overtime cost / shift | B26: 6500
A27: Technician overtime cost / shift | B27: 5000
A28: Doctors available (total pool) | B28: 16
A29: Nurses available (total pool) | B29: 28
A30: Technicians available (total pool) | B30: 10
A32: 3. Policy Levers
A33: Service target (% of arrivals covered) | B33: 0.95
A34: Overtime cap (% of regular staff) | B34: 0.25
A35: Shift length (hours) [assumption] | B35: 8
A37: 4. Beds & Diagnostics (Exhibit 3)
A38: Current beds | B38: 34
A39: Max beds | B39: 44
A40: Cost per added bed / day | B40: 1500
A41: BEDS ADDED (0-10) | B41: 0
A42: Imaging base capacity/shift | B42: 52
A43: Imaging expansion size | B43: 10
A44: Imaging expansion cost/day | B44: 18000
A45: EXPAND IMAGING? (1=yes,0=no) | B45: 0
A46: Lab base capacity/shift | B46: 95
A47: Lab expansion size | B47: 20
A48: Lab expansion cost/day | B48: 12000
A49: EXPAND LAB? (1=yes,0=no) | B49: 0
A51: 5. Shortage Penalties (Exhibit 4)
A52: Penalty: patient not covered | B52: 6000
A53: Penalty: patient diverted | B53: 9500
A54: Penalty: bed-hour shortfall | B54: 1200
A55: Share of uncovered patients that become diversions [assumption] | B55: 0.3
A57: 6. Disruptions / What-if Toggles
A58: City-wide incident today? (1=yes,0=no) | B58: 0
A59: Incident hits which shift? (1=Morning,2=Evening,3=Night) | B59: 2
A60: Incident severity (arrival increase %) | B60: 0.35
A61: Doctor absence rate override | B61: 0
A62: Nurse absence rate override | B62: 0
A63: Technician absence rate override | B63: 0
A64: Mark Doctors entirely unavailable? (1/0) | B64: 0
A65: Mark Nurses entirely unavailable? (1/0) | B65: 0
A66: Mark Technicians entirely unavailable? (1/0) | B66: 0
A69: 7. Monte Carlo Simulation Parameters (Exhibit 5 & 6)
A70: Trials simulated (rows built into Simulation sheet) | B70: 300
A71: P(Normal case-mix) — 100% effective capacity | B71: 0.7
A72: P(Complex case-mix) — 90% effective capacity | B72: 0.2
A73: P(Severe congestion) — 80% effective capacity | B73: 0.1
A74: Base absence rate — Doctor (Exhibit 6) | B74: 0.04
A75: Base absence rate — Nurse (Exhibit 6) | B75: 0.06
A76: Base absence rate — Technician (Exhibit 6) | B76: 0.05
A77: City-wide incident probability (per day) | B77: 0.04
A78: Bed-hours variability (± around base) | B78: 0.2

Sheet Model
A1: Staffing & Capacity Model
A4: NURSE STAFFING
A5: Shift | B5: Adj. Arrivals | C5: Demand | D5: Req (@ target) | E5: x_min (max OT) | F5: Reduction | G5: Regular staff (x) | H5: Overtime (o) | I5: Unmet (headcount) | J5: Unmet (patients)
A6: Morning | B6: =Arr_M*IF(IncidentOn=1,IF(IncidentShiftNum=1,1+IncidentSeverity,1),1) -> 85 | C6: =B6 -> 85 | D6: =ROUNDUP(ServiceTarget*C6/Cap_Nurse,0) -> 7 | E6: =ROUNDUP(D6/(1+OTCapPct),0) -> 6 | F6: =MIN(MAX($I$9-(F7),0),(D6-E6)) -> 0 | G6: =IF($G$10>0,ROUND(E6*G9/E9,0),D6-F6) -> 7 | H6: =IF($G$10>0,ROUND(OTCapPct*G6,0),F6) -> 0 | I6: =MAX(0,D6-G6-H6) -> 0 | J6: =I6*Cap_Nurse -> 0
A7: Evening | B7: =Arr_E*IF(IncidentOn=1,IF(IncidentShiftNum=2,1+IncidentSeverity,1),1) -> 120 | C7: =B7 -> 120 | D7: =ROUNDUP(ServiceTarget*C7/Cap_Nurse,0) -> 10 | E7: =ROUNDUP(D7/(1+OTCapPct),0) -> 8 | F7: =MIN($I$9,(D7-E7)) -> 0 | G7: =IF($G$10>0,ROUND(E7*G9/E9,0),D7-F7) -> 10 | H7: =IF($G$10>0,ROUND(OTCapPct*G7,0),F7) -> 0 | I7: =MAX(0,D7-G7-H7) -> 0 | J7: =I7*Cap_Nurse -> 0
A8: Night | B8: =Arr_N*IF(IncidentOn=1,IF(IncidentShiftNum=3,1+IncidentSeverity,1),1) -> 65 | C8: =B8 -> 65 | D8: =ROUNDUP(ServiceTarget*C8/Cap_Nurse,0) -> 6 | E8: =ROUNDUP(D8/(1+OTCapPct),0) -> 5 | F8: =MIN(MAX($I$9-(F7+F6),0),(D8-E8)) -> 0 | G8: =IF($G$10>0,ROUND(E8*G9/E9,0),D8-F8) -> 6 | H8: =IF($G$10>0,ROUND(OTCapPct*G8,0),F8) -> 0 | I8: =MAX(0,D8-G8-H8) -> 0 | J8: =I8*Cap_Nurse -> 0
A9: POOL | D9: =SUM(D6:D8) -> 23 | E9: =SUM(E6:E8) -> 19 | F9: Eff. Avail → | G9: =Avail_Nurse*(1-NurseAbsence)*IF(NurseUnavail=1,0,1) -> 28 | H9: Shortfall → | I9: =MAX(0,D9-G9) -> 0
F10: Final short → | G10: =MAX(0,E9-G9) -> 0
A11: Labor cost (reg+OT) | B11: =SUM(G6:G8)*RegCost_Nurse+SUM(H6:H8)*OTCost_Nurse -> 103500
A13: TECHNICIAN STAFFING
A14: Shift | B14: Adj. Arrivals | C14: Demand | D14: Req (@ target) | E14: x_min (max OT) | F14: Reduction | G14: Regular staff (x) | H14: Overtime (o) | I14: Unmet (headcount) | J14: Unmet (patients)
A15: Morning | B15: =Arr_M*IF(IncidentOn=1,IF(IncidentShiftNum=1,1+IncidentSeverity,1),1) -> 85 | C15: =B15 -> 85 | D15: =MAX(ROUNDUP(ServiceTarget*C15/Cap_Tech,0),2) -> 3 | E15: =ROUNDUP(D15/(1+OTCapPct),0) -> 3 | F15: =MIN(MAX($I$18-(F16),0),(D15-E15)) -> 0 | G15: =IF($G$19>0,ROUND(E15*G18/E18,0),D15-F15) -> 3 | H15: =IF($G$19>0,ROUND(OTCapPct*G15,0),F15) -> 0 | I15: =MAX(0,D15-G15-H15) -> 0 | J15: =I15*Cap_Tech -> 0
A16: Evening | B16: =Arr_E*IF(IncidentOn=1,IF(IncidentShiftNum=2,1+IncidentSeverity,1),1) -> 120 | C16: =B16 -> 120 | D16: =MAX(ROUNDUP(ServiceTarget*C16/Cap_Tech,0),2) -> 4 | E16: =ROUNDUP(D16/(1+OTCapPct),0) -> 4 | F16: =MIN($I$18,(D16-E16)) -> 0 | G16: =IF($G$19>0,ROUND(E16*G18/E18,0),D16-F16) -> 4 | H16: =IF($G$19>0,ROUND(OTCapPct*G16,0),F16) -> 0 | I16: =MAX(0,D16-G16-H16) -> 0 | J16: =I16*Cap_Tech -> 0
A17: Night | B17: =Arr_N*IF(IncidentOn=1,IF(IncidentShiftNum=3,1+IncidentSeverity,1),1) -> 65 | C17: =B17 -> 65 | D17: =MAX(ROUNDUP(ServiceTarget*C17/Cap_Tech,0),2) -> 3 | E17: =ROUNDUP(D17/(1+OTCapPct),0) -> 3 | F17: =MIN(MAX($I$18-(F16+F15),0),(D17-E17)) -> 0 | G17: =IF($G$19>0,ROUND(E17*G18/E18,0),D17-F17) -> 3 | H17: =IF($G$19>0,ROUND(OTCapPct*G17,0),F17) -> 0 | I17: =MAX(0,D17-G17-H17) -> 0 | J17: =I17*Cap_Tech -> 0
A18: POOL | D18: =SUM(D15:D17) -> 10 | E18: =SUM(E15:E17) -> 10 | F18: Eff. Avail → | G18: =Avail_Tech*(1-TechAbsence)*IF(TechUnavail=1,0,1) -> 10 | H18: Shortfall → | I18: =MAX(0,D18-G18) -> 0
F19: Final short → | G19: =MAX(0,E18-G18) -> 0
A20: Labor cost (reg+OT) | B20: =SUM(G15:G17)*RegCost_Tech+SUM(H15:H17)*OTCost_Tech -> 35000
A22: DOCTOR STAFFING
A23: Shift | B23: Adj. Arrivals | C23: Demand | D23: Req (@ target) | E23: x_min (max OT) | F23: Reduction | G23: Regular staff (x) | H23: Overtime (o) | I23: Unmet (headcount) | J23: Unmet (patients)
A24: Morning | B24: =Arr_M*IF(IncidentOn=1,IF(IncidentShiftNum=1,1+IncidentSeverity,1),1) -> 85 | C24: =B24*(1+0.5*Acuity_M) -> 94.35 | D24: =MAX(ROUNDUP(ServiceTarget*C24/Cap_Doc,0),ROUNDUP(0.5*(G6+H6),0)) -> 5 | E24: =ROUNDUP(D24/(1+OTCapPct),0) -> 4 | F24: =MIN(MAX($I$27-(F25),0),(D24-E24)) -> 0 | G24: =IF($G$28>0,ROUND(E24*G27/E27,0),D24-F24) -> 5 | H24: =IF($G$28>0,ROUND(OTCapPct*G24,0),F24) -> 0 | I24: =MAX(0,D24-G24-H24) -> 0 | J24: =I24*Cap_Doc -> 0
A25: Evening | B25: =Arr_E*IF(IncidentOn=1,IF(IncidentShiftNum=2,1+IncidentSeverity,1),1) -> 120 | C25: =B25*(1+0.5*Acuity_E) -> 136.8 | D25: =MAX(ROUNDUP(ServiceTarget*C25/Cap_Doc,0),ROUNDUP(0.5*(G7+H7),0)) -> 8 | E25: =ROUNDUP(D25/(1+OTCapPct),0) -> 7 | F25: =MIN($I$27,(D25-E25)) -> 1 | G25: =IF($G$28>0,ROUND(E25*G27/E27,0),D25-F25) -> 7 | H25: =IF($G$28>0,ROUND(OTCapPct*G25,0),F25) -> 1 | I25: =MAX(0,D25-G25-H25) -> 0 | J25: =I25*Cap_Doc -> 0
A26: Night | B26: =Arr_N*IF(IncidentOn=1,IF(IncidentShiftNum=3,1+IncidentSeverity,1),1) -> 65 | C26: =B26*(1+0.5*Acuity_N) -> 74.75 | D26: =MAX(ROUNDUP(ServiceTarget*C26/Cap_Doc,0),MAX(ROUNDUP(0.5*(G8+H8),0),4)) -> 4 | E26: =ROUNDUP(D26/(1+OTCapPct),0) -> 4 | F26: =MIN(MAX($I$27-(F25+F24),0),(D26-E26)) -> 0 | G26: =IF($G$28>0,ROUND(E26*G27/E27,0),D26-F26) -> 4 | H26: =IF($G$28>0,ROUND(OTCapPct*G26,0),F26) -> 0 | I26: =MAX(0,D26-G26-H26) -> 0 | J26: =I26*Cap_Doc -> 0
A27: POOL | D27: =SUM(D24:D26) -> 17 | E27: =SUM(E24:E26) -> 15 | F27: Eff. Avail → | G27: =Avail_Doc*(1-DocAbsence)*IF(DocUnavail=1,0,1) -> 16 | H27: Shortfall → | I27: =MAX(0,D27-G27) -> 1
F28: Final short → | G28: =MAX(0,E27-G27) -> 0
A29: Labor cost (reg+OT) | B29: =SUM(G24:G26)*RegCost_Doc+SUM(H24:H26)*OTCost_Doc -> 157500
A31: BED CAPACITY
A32: Shift | B32: Adj. Arrivals | C32: Bed Capacity (patients) | D32: Bed-Hrs Available | E32: Bed-Hrs Needed | F32: Bed-Hr Shortfall | G32: Unmet (patients, beds)
A33: Morning | B33: =Arr_M*IF(IncidentOn=1,IF(IncidentShiftNum=1,1+IncidentSeverity,1),1) -> 85 | C33: =(BedsCurrent+BedsAdded)*ShiftHours/BedHr_M -> 129.52381 | D33: =(BedsCurrent+BedsAdded)*ShiftHours -> 272 | E33: =ServiceTarget*B33*BedHr_M -> 169.575 | F33: =MAX(0,E33-D33) -> 0 | G33: =MAX(0,ServiceTarget*B33-C33) -> 0
A34: Evening | B34: =Arr_E*IF(IncidentOn=1,IF(IncidentShiftNum=2,1+IncidentSeverity,1),1) -> 120 | C34: =(BedsCurrent+BedsAdded)*ShiftHours/BedHr_E -> 108.8 | D34: =(BedsCurrent+BedsAdded)*ShiftHours -> 272 | E34: =ServiceTarget*B34*BedHr_E -> 285 | F34: =MAX(0,E34-D34) -> 13 | G34: =MAX(0,ServiceTarget*B34-C34) -> 5.2
A35: Night | B35: =Arr_N*IF(IncidentOn=1,IF(IncidentShiftNum=3,1+IncidentSeverity,1),1) -> 65 | C35: =(BedsCurrent+BedsAdded)*ShiftHours/BedHr_N -> 100.74074 | D35: =(BedsCurrent+BedsAdded)*ShiftHours -> 272 | E35: =ServiceTarget*B35*BedHr_N -> 166.725 | F35: =MAX(0,E35-D35) -> 0 | G35: =MAX(0,ServiceTarget*B35-C35) -> 0
A36: TOTAL | D36: =SUM(D33:D35) -> 816 | E36: =SUM(E33:E35) -> 621.3 | F36: =SUM(F33:F35) -> 13 | G36: =SUM(G33:G35) -> 5.2
A37: Bed expansion cost | B37: =BedsAdded*BedCostPerBed -> 0
A39: DIAGNOSTIC CAPACITY (Imaging & Lab)
A40: Shift | B40: Adj. Arrivals | C40: Imaging Demand | D40: Imaging Capacity | E40: Imaging Shortfall (patients) | F40: Lab Demand | G40: Lab Capacity | H40: Lab Shortfall (patients)
A41: Morning | B41: =Arr_M*IF(IncidentOn=1,IF(IncidentShiftNum=1,1+IncidentSeverity,1),1) -> 85 | C41: =ServiceTarget*B41*Acuity_M -> 17.765 | D41: =ImgBase+ImgExpOn*ImgExpAdd -> 52 | E41: =MAX(0,C41-D41) -> 0 | F41: =ServiceTarget*B41 -> 80.75 | G41: =LabBase+LabExpOn*LabExpAdd -> 95 | H41: =MAX(0,F41-G41) -> 0
A42: Evening | B42: =Arr_E*IF(IncidentOn=1,IF(IncidentShiftNum=2,1+IncidentSeverity,1),1) -> 120 | C42: =ServiceTarget*B42*Acuity_E -> 31.92 | D42: =ImgBase+ImgExpOn*ImgExpAdd -> 52 | E42: =MAX(0,C42-D42) -> 0 | F42: =ServiceTarget*B42 -> 114 | G42: =LabBase+LabExpOn*LabExpAdd -> 95 | H42: =MAX(0,F42-G42) -> 19
A43: Night | B43: =Arr_N*IF(IncidentOn=1,IF(IncidentShiftNum=3,1+IncidentSeverity,1),1) -> 65 | C43: =ServiceTarget*B43*Acuity_N -> 18.525 | D43: =ImgBase+ImgExpOn*ImgExpAdd -> 52 | E43: =MAX(0,C43-D43) -> 0 | F43: =ServiceTarget*B43 -> 61.75 | G43: =LabBase+LabExpOn*LabExpAdd -> 95 | H43: =MAX(0,F43-G43) -> 0
A44: TOTAL | E44: =SUM(E41:E43) -> 0 | H44: =SUM(H41:H43) -> 19
A45: Diagnostic expansion cost | B45: =ImgExpOn*ImgExpCost+LabExpOn*LabExpCost -> 0
A47: BOTTLENECK ANALYSIS — SYSTEM-WIDE UNMET DEMAND
A48: Shift | B48: Doctor Unmet | C48: Nurse Unmet | D48: Tech Unmet | E48: Bed Unmet | F48: Imaging Shortfall | G48: Lab Shortfall | H48: Bottleneck Unmet (pts) | I48: Diverted | J48: Not Covered (only)
A49: Morning | B49: =Model!I24 -> 0 | C49: =Model!I6 -> 0 | D49: =Model!I15 -> 0 | E49: =Model!G33 -> 0 | F49: =Model!E41 -> 0 | G49: =Model!H41 -> 0 | H49: =MAX(B49:G49) -> 0 | I49: =H49*DivertShare -> 0 | J49: =H49-I49 -> 0
A50: Evening | B50: =Model!I25 -> 0 | C50: =Model!I7 -> 0 | D50: =Model!I16 -> 0 | E50: =Model!G34 -> 5.2 | F50: =Model!E42 -> 0 | G50: =Model!H42 -> 19 | H50: =MAX(B50:G50) -> 19 | I50: =H50*DivertShare -> 5.7 | J50: =H50-I50 -> 13.3
A51: Night | B51: =Model!I26 -> 0 | C51: =Model!I8 -> 0 | D51: =Model!I17 -> 0 | E51: =Model!G35 -> 0 | F51: =Model!E43 -> 0 | G51: =Model!H43 -> 0 | H51: =MAX(B51:G51) -> 0 | I51: =H51*DivertShare -> 0 | J51: =H51-I51 -> 0
A52: TOTAL / DAY | H52: =SUM(H49:H51) -> 19 | I52: =SUM(I49:I51) -> 5.7 | J52: =SUM(J49:J51) -> 13.3
A54: Riskiest shift: | B54: =INDEX(A49:A51,MATCH(MAX(H49:H51),H49:H51,0)) -> Evening
A55: Riskiest resource/area: | B55: =INDEX($B$48:$G$48,1,MATCH(MAX(B56:G56),B56:G56,0)) -> Lab Shortfall
A56: (helper: max unmet by category) | B56: =MAX(B49:B51) -> 0 | C56: =MAX(C49:C51) -> 0 | D56: =MAX(D49:D51) -> 0 | E56: =MAX(E49:E51) -> 5.2 | F56: =MAX(F49:F51) -> 0 | G56: =MAX(G49:G51) -> 19
A58: TOTAL DAILY COST BUILD-UP
A59: Doctor labor (regular + OT) | B59: =B29 -> 157500
A60: Nurse labor (regular + OT) | B60: =B11 -> 103500
A61: Technician labor (regular + OT) | B61: =B20 -> 35000
A62: Bed expansion cost | B62: =B37 -> 0
A63: Diagnostic expansion cost | B63: =B45 -> 0
A64: Penalty — patients not covered | B64: =J52*PenUncovered -> 79800
A65: Penalty — patients diverted | B65: =I52*PenDiverted -> 54150
A66: Penalty — bed-hour shortfall | B66: =F36*PenBedHr -> 15600
A67: TOTAL DAILY COST | B67: =SUM(B59:B66) -> 445550
A69: KPI DASHBOARD
A70: Total daily cost | B70: =B67 -> 445550
A71: Expected arrivals covered (%) | B71: =1-H52/SUM(B6:B8) -> 0.92962963
A72: Overtime share of labor cost (%) | B72: =(SUM(H24:H26)*OTCost_Doc+SUM(H6:H8)*OTCost_Nurse+SUM(H15:H17)*OTCost_Tech)/(B29+B11+B20) -> 0.045608108
A73: Bed utilization (%) | B73: =E36/D36 -> 0.76139706
A74: Expected diversions / day | B74: =I52 -> 5.7
A75: Expected patients not covered / day | B75: =J52 -> 13.3
A76: Riskiest shift | B76: =B54 -> Evening
A77: Riskiest resource/area | B77: =B55 -> Lab Shortfall

Sheet Strategy Comparison
A1: Strategy Comparison : Minimalised vs Balanced vs Resilient
A4: Policy Lever | B4: Minimalized | C4: Balanced (moderate buffer) | D4: Resilient (capacity-expanded)
A5: Service target | B5: 0.85 | C5: 0.95 | D5: 0.99
A6: Beds added | B6: 0 | C6: 3 | D6: 6
A7: Expand imaging? (1/0) | B7: 0 | C7: 0 | D7: 1
A8: Expand lab? (1/0) | B8: 0 | C8: 1 | D8: 1
A10: Resulting Cost & Service Levels (approximate)
A11: Total labor cost (regular + OT) | B11: =(MIN((CEILING((B5)*(Arr_M*(1+0.5*Acuity_M))/Cap_Doc,1)+CEILING((B5)*(Arr_E*(1+0.5*Acuity_E))/Cap_Doc,1)+CEILING((B5)*(Arr_N*(1+0.5*Acuity_N))/Cap_Doc,1)),Avail_Doc))*RegCost_Doc+(MIN(MAX((CEILING((B5)*(Arr_M*(1+0.5*Acuity_M))/Cap_Doc,1)+CEILING((B5)*(Arr_E*(1+0.5*Acuity_E))/Cap_Doc,1)+CEILING((B5)*(Arr_N*(1+0.5*Acuity_N))/Cap_Doc,1))-Avail_Doc,0),OTCapPct*MIN((CEILING((B5)*(Arr_M*(1+0.5*Acuity_M))/Cap_Doc,1)+CEILING((B5)*(Arr_E*(1+0.5*Acuity_E))/Cap_Doc,1)+CEILING((B5)*(Arr_N*(1+0.5*Acuity_N))/Cap_Doc,1)),Avail_Doc)))*OTCost_Doc+(MIN((CEILING((B5)*(Arr_M)/Cap_Nurse,1)+CEILING((B5)*(Arr_E)/Cap_Nurse,1)+CEILING((B5)*(Arr_N)/Cap_Nurse,1)),Avail_Nurse))*RegCost_Nurse+(MIN(MAX((CEILING((B5)*(Arr_M)/Cap_Nurse,1)+CEILING((B5)*(Arr_E)/Cap_Nurse,1)+CEILING((B5)*(Arr_N)/Cap_Nurse,1))-Avail_Nurse,0),OTCapPct*MIN((CEILING((B5)*(Arr_M)/Cap_Nurse,1)+CEILING((B5)*(Arr_E)/Cap_Nurse,1)+CEILING((B5)*(Arr_N)/Cap_Nurse,1)),Avail_Nurse)))*OTCost_Nurse+(MIN((CEILING((B5)*(Arr_M)/Cap_Tech,1)+CEILING((B5)*(Arr_E)/Cap_Tech,1)+CEILING((B5)*(Arr_N)/Cap_Tech,1)),Avail_Tech))*RegCost_Tech+(MIN(MAX((CEILING((B5)*(Arr_M)/Cap_Tech,1)+CEILING((B5)*(Arr_E)/Cap_Tech,1)+CEILING((B5)*(Arr_N)/Cap_Tech,1))-Avail_Tech,0),OTCapPct*MIN((CEILING((B5)*(Arr_M)/Cap_Tech,1)+CEILING((B5)*(Arr_E)/Cap_Tech,1)+CEILING((B5)*(Arr_N)/Cap_Tech,1)),Avail_Tech)))*OTCost_Tech -> 270000 | C11: =(MIN((CEILING((C5)*(Arr_M*(1+0.5*Acuity_M))/Cap_Doc,1)+CEILING((C5)*(Arr_E*(1+0.5*Acuity_E))/Cap_Doc,1)+CEILING((C5)*(Arr_N*(1+0.5*Acuity_N))/Cap_Doc,1)),Avail_Doc))*RegCost_Doc+(MIN(MAX((CEILING((C5)*(Arr_M*(1+0.5*Acuity_M))/Cap_Doc,1)+CEILING((C5)*(Arr_E*(1+0.5*Acuity_E))/Cap_Doc,1)+CEILING((C5)*(Arr_N*(1+0.5*Acuity_N))/Cap_Doc,1))-Avail_Doc,0),OTCapPct*MIN((CEILING((C5)*(Arr_M*(1+0.5*Acuity_M))/Cap_Doc,1)+CEILING((C5)*(Arr_E*(1+0.5*Acuity_E))/Cap_Doc,1)+CEILING((C5)*(Arr_N*(1+0.5*Acuity_N))/Cap_Doc,1)),Avail_Doc)))*OTCost_Doc+(MIN((CEILING((C5)*(Arr_M)/Cap_Nurse,1)+CEILING((C5)*(Arr_E)/Cap_Nurse,1)+CEILING((C5)*(Arr_N)/Cap_Nurse,1)),Avail_Nurse))*RegCost_Nurse+(MIN(MAX((CEILING((C5)*(Arr_M)/Cap_Nurse,1)+CEILING((C5)*(Arr_E)/Cap_Nurse,1)+CEILING((C5)*(Arr_N)/Cap_Nurse,1))-Avail_Nurse,0),OTCapPct*MIN((CEILING((C5)*(Arr_M)/Cap_Nurse,1)+CEILING((C5)*(Arr_E)/Cap_Nurse,1)+CEILING((C5)*(Arr_N)/Cap_Nurse,1)),Avail_Nurse)))*OTCost_Nurse+(MIN((CEILING((C5)*(Arr_M)/Cap_Tech,1)+CEILING((C5)*(Arr_E)/Cap_Tech,1)+CEILING((C5)*(Arr_N)/Cap_Tech,1)),Avail_Tech))*RegCost_Tech+(MIN(MAX((CEILING((C5)*(Arr_M)/Cap_Tech,1)+CEILING((C5)*(Arr_E)/Cap_Tech,1)+CEILING((C5)*(Arr_N)/Cap_Tech,1))-Avail_Tech,0),OTCapPct*MIN((CEILING((C5)*(Arr_M)/Cap_Tech,1)+CEILING((C5)*(Arr_E)/Cap_Tech,1)+CEILING((C5)*(Arr_N)/Cap_Tech,1)),Avail_Tech)))*OTCost_Tech -> 296000 | D11: =(MIN((CEILING((D5)*(Arr_M*(1+0.5*Acuity_M))/Cap_Doc,1)+CEILING((D5)*(Arr_E*(1+0.5*Acuity_E))/Cap_Doc,1)+CEILING((D5)*(Arr_N*(1+0.5*Acuity_N))/Cap_Doc,1)),Avail_Doc))*RegCost_Doc+(MIN(MAX((CEILING((D5)*(Arr_M*(1+0.5*Acuity_M))/Cap_Doc,1)+CEILING((D5)*(Arr_E*(1+0.5*Acuity_E))/Cap_Doc,1)+CEILING((D5)*(Arr_N*(1+0.5*Acuity_N))/Cap_Doc,1))-Avail_Doc,0),OTCapPct*MIN((CEILING((D5)*(Arr_M*(1+0.5*Acuity_M))/Cap_Doc,1)+CEILING((D5)*(Arr_E*(1+0.5*Acuity_E))/Cap_Doc,1)+CEILING((D5)*(Arr_N*(1+0.5*Acuity_N))/Cap_Doc,1)),Avail_Doc)))*OTCost_Doc+(MIN((CEILING((D5)*(Arr_M)/Cap_Nurse,1)+CEILING((D5)*(Arr_E)/Cap_Nurse,1)+CEILING((D5)*(Arr_N)/Cap_Nurse,1)),Avail_Nurse))*RegCost_Nurse+(MIN(MAX((CEILING((D5)*(Arr_M)/Cap_Nurse,1)+CEILING((D5)*(Arr_E)/Cap_Nurse,1)+CEILING((D5)*(Arr_N)/Cap_Nurse,1))-Avail_Nurse,0),OTCapPct*MIN((CEILING((D5)*(Arr_M)/Cap_Nurse,1)+CEILING((D5)*(Arr_E)/Cap_Nurse,1)+CEILING((D5)*(Arr_N)/Cap_Nurse,1)),Avail_Nurse)))*OTCost_Nurse+(MIN((CEILING((D5)*(Arr_M)/Cap_Tech,1)+CEILING((D5)*(Arr_E)/Cap_Tech,1)+CEILING((D5)*(Arr_N)/Cap_Tech,1)),Avail_Tech))*RegCost_Tech+(MIN(MAX((CEILING((D5)*(Arr_M)/Cap_Tech,1)+CEILING((D5)*(Arr_E)/Cap_Tech,1)+CEILING((D5)*(Arr_N)/Cap_Tech,1))-Avail_Tech,0),OTCapPct*MIN((CEILING((D5)*(Arr_M)/Cap_Tech,1)+CEILING((D5)*(Arr_E)/Cap_Tech,1)+CEILING((D5)*(Arr_N)/Cap_Tech,1)),Avail_Tech)))*OTCost_Tech -> 327500
A12: Capacity expansion cost (beds+diag) | B12: =B6*BedCostPerBed+B7*ImgExpCost+B8*LabExpCost -> 0 | C12: =C6*BedCostPerBed+C7*ImgExpCost+C8*LabExpCost -> 16500 | D12: =D6*BedCostPerBed+D7*ImgExpCost+D8*LabExpCost -> 39000
A13: Est. uncovered patients / day | B13: =(MAX(0,((CEILING((B5)*(Arr_M*(1+0.5*Acuity_M))/Cap_Doc,1)+CEILING((B5)*(Arr_E*(1+0.5*Acuity_E))/Cap_Doc,1)+CEILING((B5)*(Arr_N*(1+0.5*Acuity_N))/Cap_Doc,1)))-Avail_Doc-OTCapPct*MIN((CEILING((B5)*(Arr_M*(1+0.5*Acuity_M))/Cap_Doc,1)+CEILING((B5)*(Arr_E*(1+0.5*Acuity_E))/Cap_Doc,1)+CEILING((B5)*(Arr_N*(1+0.5*Acuity_N))/Cap_Doc,1)),Avail_Doc)))*Cap_Doc+(MAX(0,((CEILING((B5)*(Arr_M)/Cap_Nurse,1)+CEILING((B5)*(Arr_E)/Cap_Nurse,1)+CEILING((B5)*(Arr_N)/Cap_Nurse,1)))-Avail_Nurse-OTCapPct*MIN((CEILING((B5)*(Arr_M)/Cap_Nurse,1)+CEILING((B5)*(Arr_E)/Cap_Nurse,1)+CEILING((B5)*(Arr_N)/Cap_Nurse,1)),Avail_Nurse)))*Cap_Nurse+(MAX(0,((CEILING((B5)*(Arr_M)/Cap_Tech,1)+CEILING((B5)*(Arr_E)/Cap_Tech,1)+CEILING((B5)*(Arr_N)/Cap_Tech,1)))-Avail_Tech-OTCapPct*MIN((CEILING((B5)*(Arr_M)/Cap_Tech,1)+CEILING((B5)*(Arr_E)/Cap_Tech,1)+CEILING((B5)*(Arr_N)/Cap_Tech,1)),Avail_Tech)))*Cap_Tech+(MAX(0,(B5)*Arr_M-(B6+BedsCurrent)*ShiftHours/BedHr_M)+MAX(0,(B5)*Arr_E-(B6+BedsCurrent)*ShiftHours/BedHr_E)+MAX(0,(B5)*Arr_N-(B6+BedsCurrent)*ShiftHours/BedHr_N))+(MAX(0,(B5)*Arr_M*Acuity_M-(ImgBase+B7*ImgExpAdd))+MAX(0,(B5)*Arr_E*Acuity_E-(ImgBase+B7*ImgExpAdd))+MAX(0,(B5)*Arr_N*Acuity_N-(ImgBase+B7*ImgExpAdd)))+(MAX(0,(B5)*Arr_M-(LabBase+B8*LabExpAdd))+MAX(0,(B5)*Arr_E-(LabBase+B8*LabExpAdd))+MAX(0,(B5)*Arr_N-(LabBase+B8*LabExpAdd))) -> 7 | C13: =(MAX(0,((CEILING((C5)*(Arr_M*(1+0.5*Acuity_M))/Cap_Doc,1)+CEILING((C5)*(Arr_E*(1+0.5*Acuity_E))/Cap_Doc,1)+CEILING((C5)*(Arr_N*(1+0.5*Acuity_N))/Cap_Doc,1)))-Avail_Doc-OTCapPct*MIN((CEILING((C5)*(Arr_M*(1+0.5*Acuity_M))/Cap_Doc,1)+CEILING((C5)*(Arr_E*(1+0.5*Acuity_E))/Cap_Doc,1)+CEILING((C5)*(Arr_N*(1+0.5*Acuity_N))/Cap_Doc,1)),Avail_Doc)))*Cap_Doc+(MAX(0,((CEILING((C5)*(Arr_M)/Cap_Nurse,1)+CEILING((C5)*(Arr_E)/Cap_Nurse,1)+CEILING((C5)*(Arr_N)/Cap_Nurse,1)))-Avail_Nurse-OTCapPct*MIN((CEILING((C5)*(Arr_M)/Cap_Nurse,1)+CEILING((C5)*(Arr_E)/Cap_Nurse,1)+CEILING((C5)*(Arr_N)/Cap_Nurse,1)),Avail_Nurse)))*Cap_Nurse+(MAX(0,((CEILING((C5)*(Arr_M)/Cap_Tech,1)+CEILING((C5)*(Arr_E)/Cap_Tech,1)+CEILING((C5)*(Arr_N)/Cap_Tech,1)))-Avail_Tech-OTCapPct*MIN((CEILING((C5)*(Arr_M)/Cap_Tech,1)+CEILING((C5)*(Arr_E)/Cap_Tech,1)+CEILING((C5)*(Arr_N)/Cap_Tech,1)),Avail_Tech)))*Cap_Tech+(MAX(0,(C5)*Arr_M-(C6+BedsCurrent)*ShiftHours/BedHr_M)+MAX(0,(C5)*Arr_E-(C6+BedsCurrent)*ShiftHours/BedHr_E)+MAX(0,(C5)*Arr_N-(C6+BedsCurrent)*ShiftHours/BedHr_N))+(MAX(0,(C5)*Arr_M*Acuity_M-(ImgBase+C7*ImgExpAdd))+MAX(0,(C5)*Arr_E*Acuity_E-(ImgBase+C7*ImgExpAdd))+MAX(0,(C5)*Arr_N*Acuity_N-(ImgBase+C7*ImgExpAdd)))+(MAX(0,(C5)*Arr_M-(LabBase+C8*LabExpAdd))+MAX(0,(C5)*Arr_E-(LabBase+C8*LabExpAdd))+MAX(0,(C5)*Arr_N-(LabBase+C8*LabExpAdd))) -> 0 | D13: =(MAX(0,((CEILING((D5)*(Arr_M*(1+0.5*Acuity_M))/Cap_Doc,1)+CEILING((D5)*(Arr_E*(1+0.5*Acuity_E))/Cap_Doc,1)+CEILING((D5)*(Arr_N*(1+0.5*Acuity_N))/Cap_Doc,1)))-Avail_Doc-OTCapPct*MIN((CEILING((D5)*(Arr_M*(1+0.5*Acuity_M))/Cap_Doc,1)+CEILING((D5)*(Arr_E*(1+0.5*Acuity_E))/Cap_Doc,1)+CEILING((D5)*(Arr_N*(1+0.5*Acuity_N))/Cap_Doc,1)),Avail_Doc)))*Cap_Doc+(MAX(0,((CEILING((D5)*(Arr_M)/Cap_Nurse,1)+CEILING((D5)*(Arr_E)/Cap_Nurse,1)+CEILING((D5)*(Arr_N)/Cap_Nurse,1)))-Avail_Nurse-OTCapPct*MIN((CEILING((D5)*(Arr_M)/Cap_Nurse,1)+CEILING((D5)*(Arr_E)/Cap_Nurse,1)+CEILING((D5)*(Arr_N)/Cap_Nurse,1)),Avail_Nurse)))*Cap_Nurse+(MAX(0,((CEILING((D5)*(Arr_M)/Cap_Tech,1)+CEILING((D5)*(Arr_E)/Cap_Tech,1)+CEILING((D5)*(Arr_N)/Cap_Tech,1)))-Avail_Tech-OTCapPct*MIN((CEILING((D5)*(Arr_M)/Cap_Tech,1)+CEILING((D5)*(Arr_E)/Cap_Tech,1)+CEILING((D5)*(Arr_N)/Cap_Tech,1)),Avail_Tech)))*Cap_Tech+(MAX(0,(D5)*Arr_M-(D6+BedsCurrent)*ShiftHours/BedHr_M)+MAX(0,(D5)*Arr_E-(D6+BedsCurrent)*ShiftHours/BedHr_E)+MAX(0,(D5)*Arr_N-(D6+BedsCurrent)*ShiftHours/BedHr_N))+(MAX(0,(D5)*Arr_M*Acuity_M-(ImgBase+D7*ImgExpAdd))+MAX(0,(D5)*Arr_E*Acuity_E-(ImgBase+D7*ImgExpAdd))+MAX(0,(D5)*Arr_N*Acuity_N-(ImgBase+D7*ImgExpAdd)))+(MAX(0,(D5)*Arr_M-(LabBase+D8*LabExpAdd))+MAX(0,(D5)*Arr_E-(LabBase+D8*LabExpAdd))+MAX(0,(D5)*Arr_N-(LabBase+D8*LabExpAdd))) -> 3.8
A14: Penalty cost (uncovered + diversion) | B14: =B13*(PenUncovered*(1-DivertShare)+PenDiverted*DivertShare) -> 49350 | C14: =C13*(PenUncovered*(1-DivertShare)+PenDiverted*DivertShare) -> 0 | D14: =D13*(PenUncovered*(1-DivertShare)+PenDiverted*DivertShare) -> 26790
A15: TOTAL EXPECTED DAILY COST | B15: =B11+B12+B14 -> 319350 | C15: =C11+C12+C14 -> 312500 | D15: =D11+D12+D14 -> 393290
A16: Est. arrival coverage (%) | B16: =1-B13/(Arr_M+Arr_E+Arr_N) -> 0.97407407 | C16: =1-C13/(Arr_M+Arr_E+Arr_N) -> 1 | D16: =1-D13/(Arr_M+Arr_E+Arr_N) -> 0.98592593

Sheet Sensitivity
A1: Sensitivity Analysis
A4: 1. Service Target Sensitivity (Task 6)
A5: Service Target | B5: Total Daily Cost | C5: Coverage % | D5: Uncovered Patients/Day | E5: Δ Cost vs Current
A6: 0.8 | B6: =((MIN((CEILING((0.8)*(Arr_M*(1+0.5*Acuity_M))/Cap_Doc,1)+CEILING((0.8)*(Arr_E*(1+0.5*Acuity_E))/Cap_Doc,1)+CEILING((0.8)*(Arr_N*(1+0.5*Acuity_N))/Cap_Doc,1)),Avail_Doc))*RegCost_Doc+(MIN(MAX((CEILING((0.8)*(Arr_M*(1+0.5*Acuity_M))/Cap_Doc,1)+CEILING((0.8)*(Arr_E*(1+0.5*Acuity_E))/Cap_Doc,1)+CEILING((0.8)*(Arr_N*(1+0.5*Acuity_N))/Cap_Doc,1))-Avail_Doc,0),(OTCapPct)*MIN((CEILING((0.8)*(Arr_M*(1+0.5*Acuity_M))/Cap_Doc,1)+CEILING((0.8)*(Arr_E*(1+0.5*Acuity_E))/Cap_Doc,1)+CEILING((0.8)*(Arr_N*(1+0.5*Acuity_N))/Cap_Doc,1)),Avail_Doc)))*OTCost_Doc+(MIN((CEILING((0.8)*(Arr_M)/Cap_Nurse,1)+CEILING((0.8)*(Arr_E)/Cap_Nurse,1)+CEILING((0.8)*(Arr_N)/Cap_Nurse,1)),Avail_Nurse))*RegCost_Nurse+(MIN(MAX((CEILING((0.8)*(Arr_M)/Cap_Nurse,1)+CEILING((0.8)*(Arr_E)/Cap_Nurse,1)+CEILING((0.8)*(Arr_N)/Cap_Nurse,1))-Avail_Nurse,0),(OTCapPct)*MIN((CEILING((0.8)*(Arr_M)/Cap_Nurse,1)+CEILING((0.8)*(Arr_E)/Cap_Nurse,1)+CEILING((0.8)*(Arr_N)/Cap_Nurse,1)),Avail_Nurse)))*OTCost_Nurse+(MIN((CEILING((0.8)*(Arr_M)/Cap_Tech,1)+CEILING((0.8)*(Arr_E)/Cap_Tech,1)+CEILING((0.8)*(Arr_N)/Cap_Tech,1)),Avail_Tech))*RegCost_Tech+(MIN(MAX((CEILING((0.8)*(Arr_M)/Cap_Tech,1)+CEILING((0.8)*(Arr_E)/Cap_Tech,1)+CEILING((0.8)*(Arr_N)/Cap_Tech,1))-Avail_Tech,0),(OTCapPct)*MIN((CEILING((0.8)*(Arr_M)/Cap_Tech,1)+CEILING((0.8)*(Arr_E)/Cap_Tech,1)+CEILING((0.8)*(Arr_N)/Cap_Tech,1)),Avail_Tech)))*OTCost_Tech)+((BedsAdded)*BedCostPerBed+(ImgExpOn)*ImgExpCost+(LabExpOn)*LabExpCost)+(((MAX(0,((CEILING((0.8)*(Arr_M*(1+0.5*Acuity_M))/Cap_Doc,1)+CEILING((0.8)*(Arr_E*(1+0.5*Acuity_E))/Cap_Doc,1)+CEILING((0.8)*(Arr_N*(1+0.5*Acuity_N))/Cap_Doc,1)))-Avail_Doc-(OTCapPct)*MIN((CEILING((0.8)*(Arr_M*(1+0.5*Acuity_M))/Cap_Doc,1)+CEILING((0.8)*(Arr_E*(1+0.5*Acuity_E))/Cap_Doc,1)+CEILING((0.8)*(Arr_N*(1+0.5*Acuity_N))/Cap_Doc,1)),Avail_Doc)))*Cap_Doc+(MAX(0,((CEILING((0.8)*(Arr_M)/Cap_Nurse,1)+CEILING((0.8)*(Arr_E)/Cap_Nurse,1)+CEILING((0.8)*(Arr_N)/Cap_Nurse,1)))-Avail_Nurse-(OTCapPct)*MIN((CEILING((0.8)*(Arr_M)/Cap_Nurse,1)+CEILING((0.8)*(Arr_E)/Cap_Nurse,1)+CEILING((0.8)*(Arr_N)/Cap_Nurse,1)),Avail_Nurse)))*Cap_Nurse+(MAX(0,((CEILING((0.8)*(Arr_M)/Cap_Tech,1)+CEILING((0.8)*(Arr_E)/Cap_Tech,1)+CEILING((0.8)*(Arr_N)/Cap_Tech,1)))-Avail_Tech-(OTCapPct)*MIN((CEILING((0.8)*(Arr_M)/Cap_Tech,1)+CEILING((0.8)*(Arr_E)/Cap_Tech,1)+CEILING((0.8)*(Arr_N)/Cap_Tech,1)),Avail_Tech)))*Cap_Tech+(MAX(0,(0.8)*Arr_M-(BedsAdded+BedsCurrent)*ShiftHours/BedHr_M)+MAX(0,(0.8)*Arr_E-(BedsAdded+BedsCurrent)*ShiftHours/BedHr_E)+MAX(0,(0.8)*Arr_N-(BedsAdded+BedsCurrent)*ShiftHours/BedHr_N))+(MAX(0,(0.8)*Arr_M*Acuity_M-(ImgBase+(ImgExpOn)*ImgExpAdd))+MAX(0,(0.8)*Arr_E*Acuity_E-(ImgBase+(ImgExpOn)*ImgExpAdd))+MAX(0,(0.8)*Arr_N*Acuity_N-(ImgBase+(ImgExpOn)*ImgExpAdd)))+(MAX(0,(0.8)*Arr_M-(LabBase+(LabExpOn)*LabExpAdd))+MAX(0,(0.8)*Arr_E-(LabBase+(LabExpOn)*LabExpAdd))+MAX(0,(0.8)*Arr_N-(LabBase+(LabExpOn)*LabExpAdd))))*(PenUncovered*(1-DivertShare)+PenDiverted*DivertShare)) -> 268050 | C6: =1-((MAX(0,((CEILING((0.8)*(Arr_M*(1+0.5*Acuity_M))/Cap_Doc,1)+CEILING((0.8)*(Arr_E*(1+0.5*Acuity_E))/Cap_Doc,1)+CEILING((0.8)*(Arr_N*(1+0.5*Acuity_N))/Cap_Doc,1)))-Avail_Doc-(OTCapPct)*MIN((CEILING((0.8)*(Arr_M*(1+0.5*Acuity_M))/Cap_Doc,1)+CEILING((0.8)*(Arr_E*(1+0.5*Acuity_E))/Cap_Doc,1)+CEILING((0.8)*(Arr_N*(1+0.5*Acuity_N))/Cap_Doc,1)),Avail_Doc)))*Cap_Doc+(MAX(0,((CEILING((0.8)*(Arr_M)/Cap_Nurse,1)+CEILING((0.8)*(Arr_E)/Cap_Nurse,1)+CEILING((0.8)*(Arr_N)/Cap_Nurse,1)))-Avail_Nurse-(OTCapPct)*MIN((CEILING((0.8)*(Arr_M)/Cap_Nurse,1)+CEILING((0.8)*(Arr_E)/Cap_Nurse,1)+CEILING((0.8)*(Arr_N)/Cap_Nurse,1)),Avail_Nurse)))*Cap_Nurse+(MAX(0,((CEILING((0.8)*(Arr_M)/Cap_Tech,1)+CEILING((0.8)*(Arr_E)/Cap_Tech,1)+CEILING((0.8)*(Arr_N)/Cap_Tech,1)))-Avail_Tech-(OTCapPct)*MIN((CEILING((0.8)*(Arr_M)/Cap_Tech,1)+CEILING((0.8)*(Arr_E)/Cap_Tech,1)+CEILING((0.8)*(Arr_N)/Cap_Tech,1)),Avail_Tech)))*Cap_Tech+(MAX(0,(0.8)*Arr_M-(BedsAdded+BedsCurrent)*ShiftHours/BedHr_M)+MAX(0,(0.8)*Arr_E-(BedsAdded+BedsCurrent)*ShiftHours/BedHr_E)+MAX(0,(0.8)*Arr_N-(BedsAdded+BedsCurrent)*ShiftHours/BedHr_N))+(MAX(0,(0.8)*Arr_M*Acuity_M-(ImgBase+(ImgExpOn)*ImgExpAdd))+MAX(0,(0.8)*Arr_E*Acuity_E-(ImgBase+(ImgExpOn)*ImgExpAdd))+MAX(0,(0.8)*Arr_N*Acuity_N-(ImgBase+(ImgExpOn)*ImgExpAdd)))+(MAX(0,(0.8)*Arr_M-(LabBase+(LabExpOn)*LabExpAdd))+MAX(0,(0.8)*Arr_E-(LabBase+(LabExpOn)*LabExpAdd))+MAX(0,(0.8)*Arr_N-(LabBase+(LabExpOn)*LabExpAdd))))/(Arr_M+Arr_E+Arr_N) -> 0.9962963 | D6: =(MAX(0,((CEILING((0.8)*(Arr_M*(1+0.5*Acuity_M))/Cap_Doc,1)+CEILING((0.8)*(Arr_E*(1+0.5*Acuity_E))/Cap_Doc,1)+CEILING((0.8)*(Arr_N*(1+0.5*Acuity_N))/Cap_Doc,1)))-Avail_Doc-(OTCapPct)*MIN((CEILING((0.8)*(Arr_M*(1+0.5*Acuity_M))/Cap_Doc,1)+CEILING((0.8)*(Arr_E*(1+0.5*Acuity_E))/Cap_Doc,1)+CEILING((0.8)*(Arr_N*(1+0.5*Acuity_N))/Cap_Doc,1)),Avail_Doc)))*Cap_Doc+(MAX(0,((CEILING((0.8)*(Arr_M)/Cap_Nurse,1)+CEILING((0.8)*(Arr_E)/Cap_Nurse,1)+CEILING((0.8)*(Arr_N)/Cap_Nurse,1)))-Avail_Nurse-(OTCapPct)*MIN((CEILING((0.8)*(Arr_M)/Cap_Nurse,1)+CEILING((0.8)*(Arr_E)/Cap_Nurse,1)+CEILING((0.8)*(Arr_N)/Cap_Nurse,1)),Avail_Nurse)))*Cap_Nurse+(MAX(0,((CEILING((0.8)*(Arr_M)/Cap_Tech,1)+CEILING((0.8)*(Arr_E)/Cap_Tech,1)+CEILING((0.8)*(Arr_N)/Cap_Tech,1)))-Avail_Tech-(OTCapPct)*MIN((CEILING((0.8)*(Arr_M)/Cap_Tech,1)+CEILING((0.8)*(Arr_E)/Cap_Tech,1)+CEILING((0.8)*(Arr_N)/Cap_Tech,1)),Avail_Tech)))*Cap_Tech+(MAX(0,(0.8)*Arr_M-(BedsAdded+BedsCurrent)*ShiftHours/BedHr_M)+MAX(0,(0.8)*Arr_E-(BedsAdded+BedsCurrent)*ShiftHours/BedHr_E)+MAX(0,(0.8)*Arr_N-(BedsAdded+BedsCurrent)*ShiftHours/BedHr_N))+(MAX(0,(0.8)*Arr_M*Acuity_M-(ImgBase+(ImgExpOn)*ImgExpAdd))+MAX(0,(0.8)*Arr_E*Acuity_E-(ImgBase+(ImgExpOn)*ImgExpAdd))+MAX(0,(0.8)*Arr_N*Acuity_N-(ImgBase+(ImgExpOn)*ImgExpAdd)))+(MAX(0,(0.8)*Arr_M-(LabBase+(LabExpOn)*LabExpAdd))+MAX(0,(0.8)*Arr_E-(LabBase+(LabExpOn)*LabExpAdd))+MAX(0,(0.8)*Arr_N-(LabBase+(LabExpOn)*LabExpAdd))) -> 1 | E6: =B6-B11 -> -198560
A7: 0.85 | B7: =((MIN((CEILING((0.85)*(Arr_M*(1+0.5*Acuity_M))/Cap_Doc,1)+CEILING((0.85)*(Arr_E*(1+0.5*Acuity_E))/Cap_Doc,1)+CEILING((0.85)*(Arr_N*(1+0.5*Acuity_N))/Cap_Doc,1)),Avail_Doc))*RegCost_Doc+(MIN(MAX((CEILING((0.85)*(Arr_M*(1+0.5*Acuity_M))/Cap_Doc,1)+CEILING((0.85)*(Arr_E*(1+0.5*Acuity_E))/Cap_Doc,1)+CEILING((0.85)*(Arr_N*(1+0.5*Acuity_N))/Cap_Doc,1))-Avail_Doc,0),(OTCapPct)*MIN((CEILING((0.85)*(Arr_M*(1+0.5*Acuity_M))/Cap_Doc,1)+CEILING((0.85)*(Arr_E*(1+0.5*Acuity_E))/Cap_Doc,1)+CEILING((0.85)*(Arr_N*(1+0.5*Acuity_N))/Cap_Doc,1)),Avail_Doc)))*OTCost_Doc+(MIN((CEILING((0.85)*(Arr_M)/Cap_Nurse,1)+CEILING((0.85)*(Arr_E)/Cap_Nurse,1)+CEILING((0.85)*(Arr_N)/Cap_Nurse,1)),Avail_Nurse))*RegCost_Nurse+(MIN(MAX((CEILING((0.85)*(Arr_M)/Cap_Nurse,1)+CEILING((0.85)*(Arr_E)/Cap_Nurse,1)+CEILING((0.85)*(Arr_N)/Cap_Nurse,1))-Avail_Nurse,0),(OTCapPct)*MIN((CEILING((0.85)*(Arr_M)/Cap_Nurse,1)+CEILING((0.85)*(Arr_E)/Cap_Nurse,1)+CEILING((0.85)*(Arr_N)/Cap_Nurse,1)),Avail_Nurse)))*OTCost_Nurse+(MIN((CEILING((0.85)*(Arr_M)/Cap_Tech,1)+CEILING((0.85)*(Arr_E)/Cap_Tech,1)+CEILING((0.85)*(Arr_N)/Cap_Tech,1)),Avail_Tech))*RegCost_Tech+(MIN(MAX((CEILING((0.85)*(Arr_M)/Cap_Tech,1)+CEILING((0.85)*(Arr_E)/Cap_Tech,1)+CEILING((0.85)*(Arr_N)/Cap_Tech,1))-Avail_Tech,0),(OTCapPct)*MIN((CEILING((0.85)*(Arr_M)/Cap_Tech,1)+CEILING((0.85)*(Arr_E)/Cap_Tech,1)+CEILING((0.85)*(Arr_N)/Cap_Tech,1)),Avail_Tech)))*OTCost_Tech)+((BedsAdded)*BedCostPerBed+(ImgExpOn)*ImgExpCost+(LabExpOn)*LabExpCost)+(((MAX(0,((CEILING((0.85)*(Arr_M*(1+0.5*Acuity_M))/Cap_Doc,1)+CEILING((0.85)*(Arr_E*(1+0.5*Acuity_E))/Cap_Doc,1)+CEILING((0.85)*(Arr_N*(1+0.5*Acuity_N))/Cap_Doc,1)))-Avail_Doc-(OTCapPct)*MIN((CEILING((0.85)*(Arr_M*(1+0.5*Acuity_M))/Cap_Doc,1)+CEILING((0.85)*(Arr_E*(1+0.5*Acuity_E))/Cap_Doc,1)+CEILING((0.85)*(Arr_N*(1+0.5*Acuity_N))/Cap_Doc,1)),Avail_Doc)))*Cap_Doc+(MAX(0,((CEILING((0.85)*(Arr_M)/Cap_Nurse,1)+CEILING((0.85)*(Arr_E)/Cap_Nurse,1)+CEILING((0.85)*(Arr_N)/Cap_Nurse,1)))-Avail_Nurse-(OTCapPct)*MIN((CEILING((0.85)*(Arr_M)/Cap_Nurse,1)+CEILING((0.85)*(Arr_E)/Cap_Nurse,1)+CEILING((0.85)*(Arr_N)/Cap_Nurse,1)),Avail_Nurse)))*Cap_Nurse+(MAX(0,((CEILING((0.85)*(Arr_M)/Cap_Tech,1)+CEILING((0.85)*(Arr_E)/Cap_Tech,1)+CEILING((0.85)*(Arr_N)/Cap_Tech,1)))-Avail_Tech-(OTCapPct)*MIN((CEILING((0.85)*(Arr_M)/Cap_Tech,1)+CEILING((0.85)*(Arr_E)/Cap_Tech,1)+CEILING((0.85)*(Arr_N)/Cap_Tech,1)),Avail_Tech)))*Cap_Tech+(MAX(0,(0.85)*Arr_M-(BedsAdded+BedsCurrent)*ShiftHours/BedHr_M)+MAX(0,(0.85)*Arr_E-(BedsAdded+BedsCurrent)*ShiftHours/BedHr_E)+MAX(0,(0.85)*Arr_N-(BedsAdded+BedsCurrent)*ShiftHours/BedHr_N))+(MAX(0,(0.85)*Arr_M*Acuity_M-(ImgBase+(ImgExpOn)*ImgExpAdd))+MAX(0,(0.85)*Arr_E*Acuity_E-(ImgBase+(ImgExpOn)*ImgExpAdd))+MAX(0,(0.85)*Arr_N*Acuity_N-(ImgBase+(ImgExpOn)*ImgExpAdd)))+(MAX(0,(0.85)*Arr_M-(LabBase+(LabExpOn)*LabExpAdd))+MAX(0,(0.85)*Arr_E-(LabBase+(LabExpOn)*LabExpAdd))+MAX(0,(0.85)*Arr_N-(LabBase+(LabExpOn)*LabExpAdd))))*(PenUncovered*(1-DivertShare)+PenDiverted*DivertShare)) -> 319350 | C7: =1-((MAX(0,((CEILING((0.85)*(Arr_M*(1+0.5*Acuity_M))/Cap_Doc,1)+CEILING((0.85)*(Arr_E*(1+0.5*Acuity_E))/Cap_Doc,1)+CEILING((0.85)*(Arr_N*(1+0.5*Acuity_N))/Cap_Doc,1)))-Avail_Doc-(OTCapPct)*MIN((CEILING((0.85)*(Arr_M*(1+0.5*Acuity_M))/Cap_Doc,1)+CEILING((0.85)*(Arr_E*(1+0.5*Acuity_E))/Cap_Doc,1)+CEILING((0.85)*(Arr_N*(1+0.5*Acuity_N))/Cap_Doc,1)),Avail_Doc)))*Cap_Doc+(MAX(0,((CEILING((0.85)*(Arr_M)/Cap_Nurse,1)+CEILING((0.85)*(Arr_E)/Cap_Nurse,1)+CEILING((0.85)*(Arr_N)/Cap_Nurse,1)))-Avail_Nurse-(OTCapPct)*MIN((CEILING((0.85)*(Arr_M)/Cap_Nurse,1)+CEILING((0.85)*(Arr_E)/Cap_Nurse,1)+CEILING((0.85)*(Arr_N)/Cap_Nurse,1)),Avail_Nurse)))*Cap_Nurse+(MAX(0,((CEILING((0.85)*(Arr_M)/Cap_Tech,1)+CEILING((0.85)*(Arr_E)/Cap_Tech,1)+CEILING((0.85)*(Arr_N)/Cap_Tech,1)))-Avail_Tech-(OTCapPct)*MIN((CEILING((0.85)*(Arr_M)/Cap_Tech,1)+CEILING((0.85)*(Arr_E)/Cap_Tech,1)+CEILING((0.85)*(Arr_N)/Cap_Tech,1)),Avail_Tech)))*Cap_Tech+(MAX(0,(0.85)*Arr_M-(BedsAdded+BedsCurrent)*ShiftHours/BedHr_M)+MAX(0,(0.85)*Arr_E-(BedsAdded+BedsCurrent)*ShiftHours/BedHr_E)+MAX(0,(0.85)*Arr_N-(BedsAdded+BedsCurrent)*ShiftHours/BedHr_N))+(MAX(0,(0.85)*Arr_M*Acuity_M-(ImgBase+(ImgExpOn)*ImgExpAdd))+MAX(0,(0.85)*Arr_E*Acuity_E-(ImgBase+(ImgExpOn)*ImgExpAdd))+MAX(0,(0.85)*Arr_N*Acuity_N-(ImgBase+(ImgExpOn)*ImgExpAdd)))+(MAX(0,(0.85)*Arr_M-(LabBase+(LabExpOn)*LabExpAdd))+MAX(0,(0.85)*Arr_E-(LabBase+(LabExpOn)*LabExpAdd))+MAX(0,(0.85)*Arr_N-(LabBase+(LabExpOn)*LabExpAdd))))/(Arr_M+Arr_E+Arr_N) -> 0.97407407 | D7: =(MAX(0,((CEILING((0.85)*(Arr_M*(1+0.5*Acuity_M))/Cap_Doc,1)+CEILING((0.85)*(Arr_E*(1+0.5*Acuity_E))/Cap_Doc,1)+CEILING((0.85)*(Arr_N*(1+0.5*Acuity_N))/Cap_Doc,1)))-Avail_Doc-(OTCapPct)*MIN((CEILING((0.85)*(Arr_M*(1+0.5*Acuity_M))/Cap_Doc,1)+CEILING((0.85)*(Arr_E*(1+0.5*Acuity_E))/Cap_Doc,1)+CEILING((0.85)*(Arr_N*(1+0.5*Acuity_N))/Cap_Doc,1)),Avail_Doc)))*Cap_Doc+(MAX(0,((CEILING((0.85)*(Arr_M)/Cap_Nurse,1)+CEILING((0.85)*(Arr_E)/Cap_Nurse,1)+CEILING((0.85)*(Arr_N)/Cap_Nurse,1)))-Avail_Nurse-(OTCapPct)*MIN((CEILING((0.85)*(Arr_M)/Cap_Nurse,1)+CEILING((0.85)*(Arr_E)/Cap_Nurse,1)+CEILING((0.85)*(Arr_N)/Cap_Nurse,1)),Avail_Nurse)))*Cap_Nurse+(MAX(0,((CEILING((0.85)*(Arr_M)/Cap_Tech,1)+CEILING((0.85)*(Arr_E)/Cap_Tech,1)+CEILING((0.85)*(Arr_N)/Cap_Tech,1)))-Avail_Tech-(OTCapPct)*MIN((CEILING((0.85)*(Arr_M)/Cap_Tech,1)+CEILING((0.85)*(Arr_E)/Cap_Tech,1)+CEILING((0.85)*(Arr_N)/Cap_Tech,1)),Avail_Tech)))*Cap_Tech+(MAX(0,(0.85)*Arr_M-(BedsAdded+BedsCurrent)*ShiftHours/BedHr_M)+MAX(0,(0.85)*Arr_E-(BedsAdded+BedsCurrent)*ShiftHours/BedHr_E)+MAX(0,(0.85)*Arr_N-(BedsAdded+BedsCurrent)*ShiftHours/BedHr_N))+(MAX(0,(0.85)*Arr_M*Acuity_M-(ImgBase+(ImgExpOn)*ImgExpAdd))+MAX(0,(0.85)*Arr_E*Acuity_E-(ImgBase+(ImgExpOn)*ImgExpAdd))+MAX(0,(0.85)*Arr_N*Acuity_N-(ImgBase+(ImgExpOn)*ImgExpAdd)))+(MAX(0,(0.85)*Arr_M-(LabBase+(LabExpOn)*LabExpAdd))+MAX(0,(0.85)*Arr_E-(LabBase+(LabExpOn)*LabExpAdd))+MAX(0,(0.85)*Arr_N-(LabBase+(LabExpOn)*LabExpAdd))) -> 7 | E7: =B7-B11 -> -147260
A8: 0.9 | B8: =((MIN((CEILING((0.9)*(Arr_M*(1+0.5*Acuity_M))/Cap_Doc,1)+CEILING((0.9)*(Arr_E*(1+0.5*Acuity_E))/Cap_Doc,1)+CEILING((0.9)*(Arr_N*(1+0.5*Acuity_N))/Cap_Doc,1)),Avail_Doc))*RegCost_Doc+(MIN(MAX((CEILING((0.9)*(Arr_M*(1+0.5*Acuity_M))/Cap_Doc,1)+CEILING((0.9)*(Arr_E*(1+0.5*Acuity_E))/Cap_Doc,1)+CEILING((0.9)*(Arr_N*(1+0.5*Acuity_N))/Cap_Doc,1))-Avail_Doc,0),(OTCapPct)*MIN((CEILING((0.9)*(Arr_M*(1+0.5*Acuity_M))/Cap_Doc,1)+CEILING((0.9)*(Arr_E*(1+0.5*Acuity_E))/Cap_Doc,1)+CEILING((0.9)*(Arr_N*(1+0.5*Acuity_N))/Cap_Doc,1)),Avail_Doc)))*OTCost_Doc+(MIN((CEILING((0.9)*(Arr_M)/Cap_Nurse,1)+CEILING((0.9)*(Arr_E)/Cap_Nurse,1)+CEILING((0.9)*(Arr_N)/Cap_Nurse,1)),Avail_Nurse))*RegCost_Nurse+(MIN(MAX((CEILING((0.9)*(Arr_M)/Cap_Nurse,1)+CEILING((0.9)*(Arr_E)/Cap_Nurse,1)+CEILING((0.9)*(Arr_N)/Cap_Nurse,1))-Avail_Nurse,0),(OTCapPct)*MIN((CEILING((0.9)*(Arr_M)/Cap_Nurse,1)+CEILING((0.9)*(Arr_E)/Cap_Nurse,1)+CEILING((0.9)*(Arr_N)/Cap_Nurse,1)),Avail_Nurse)))*OTCost_Nurse+(MIN((CEILING((0.9)*(Arr_M)/Cap_Tech,1)+CEILING((0.9)*(Arr_E)/Cap_Tech,1)+CEILING((0.9)*(Arr_N)/Cap_Tech,1)),Avail_Tech))*RegCost_Tech+(MIN(MAX((CEILING((0.9)*(Arr_M)/Cap_Tech,1)+CEILING((0.9)*(Arr_E)/Cap_Tech,1)+CEILING((0.9)*(Arr_N)/Cap_Tech,1))-Avail_Tech,0),(OTCapPct)*MIN((CEILING((0.9)*(Arr_M)/Cap_Tech,1)+CEILING((0.9)*(Arr_E)/Cap_Tech,1)+CEILING((0.9)*(Arr_N)/Cap_Tech,1)),Avail_Tech)))*OTCost_Tech)+((BedsAdded)*BedCostPerBed+(ImgExpOn)*ImgExpCost+(LabExpOn)*LabExpCost)+(((MAX(0,((CEILING((0.9)*(Arr_M*(1+0.5*Acuity_M))/Cap_Doc,1)+CEILING((0.9)*(Arr_E*(1+0.5*Acuity_E))/Cap_Doc,1)+CEILING((0.9)*(Arr_N*(1+0.5*Acuity_N))/Cap_Doc,1)))-Avail_Doc-(OTCapPct)*MIN((CEILING((0.9)*(Arr_M*(1+0.5*Acuity_M))/Cap_Doc,1)+CEILING((0.9)*(Arr_E*(1+0.5*Acuity_E))/Cap_Doc,1)+CEILING((0.9)*(Arr_N*(1+0.5*Acuity_N))/Cap_Doc,1)),Avail_Doc)))*Cap_Doc+(MAX(0,((CEILING((0.9)*(Arr_M)/Cap_Nurse,1)+CEILING((0.9)*(Arr_E)/Cap_Nurse,1)+CEILING((0.9)*(Arr_N)/Cap_Nurse,1)))-Avail_Nurse-(OTCapPct)*MIN((CEILING((0.9)*(Arr_M)/Cap_Nurse,1)+CEILING((0.9)*(Arr_E)/Cap_Nurse,1)+CEILING((0.9)*(Arr_N)/Cap_Nurse,1)),Avail_Nurse)))*Cap_Nurse+(MAX(0,((CEILING((0.9)*(Arr_M)/Cap_Tech,1)+CEILING((0.9)*(Arr_E)/Cap_Tech,1)+CEILING((0.9)*(Arr_N)/Cap_Tech,1)))-Avail_Tech-(OTCapPct)*MIN((CEILING((0.9)*(Arr_M)/Cap_Tech,1)+CEILING((0.9)*(Arr_E)/Cap_Tech,1)+CEILING((0.9)*(Arr_N)/Cap_Tech,1)),Avail_Tech)))*Cap_Tech+(MAX(0,(0.9)*Arr_M-(BedsAdded+BedsCurrent)*ShiftHours/BedHr_M)+MAX(0,(0.9)*Arr_E-(BedsAdded+BedsCurrent)*ShiftHours/BedHr_E)+MAX(0,(0.9)*Arr_N-(BedsAdded+BedsCurrent)*ShiftHours/BedHr_N))+(MAX(0,(0.9)*Arr_M*Acuity_M-(ImgBase+(ImgExpOn)*ImgExpAdd))+MAX(0,(0.9)*Arr_E*Acuity_E-(ImgBase+(ImgExpOn)*ImgExpAdd))+MAX(0,(0.9)*Arr_N*Acuity_N-(ImgBase+(ImgExpOn)*ImgExpAdd)))+(MAX(0,(0.9)*Arr_M-(LabBase+(LabExpOn)*LabExpAdd))+MAX(0,(0.9)*Arr_E-(LabBase+(LabExpOn)*LabExpAdd))+MAX(0,(0.9)*Arr_N-(LabBase+(LabExpOn)*LabExpAdd))))*(PenUncovered*(1-DivertShare)+PenDiverted*DivertShare)) -> 361650 | C8: =1-((MAX(0,((CEILING((0.9)*(Arr_M*(1+0.5*Acuity_M))/Cap_Doc,1)+CEILING((0.9)*(Arr_E*(1+0.5*Acuity_E))/Cap_Doc,1)+CEILING((0.9)*(Arr_N*(1+0.5*Acuity_N))/Cap_Doc,1)))-Avail_Doc-(OTCapPct)*MIN((CEILING((0.9)*(Arr_M*(1+0.5*Acuity_M))/Cap_Doc,1)+CEILING((0.9)*(Arr_E*(1+0.5*Acuity_E))/Cap_Doc,1)+CEILING((0.9)*(Arr_N*(1+0.5*Acuity_N))/Cap_Doc,1)),Avail_Doc)))*Cap_Doc+(MAX(0,((CEILING((0.9)*(Arr_M)/Cap_Nurse,1)+CEILING((0.9)*(Arr_E)/Cap_Nurse,1)+CEILING((0.9)*(Arr_N)/Cap_Nurse,1)))-Avail_Nurse-(OTCapPct)*MIN((CEILING((0.9)*(Arr_M)/Cap_Nurse,1)+CEILING((0.9)*(Arr_E)/Cap_Nurse,1)+CEILING((0.9)*(Arr_N)/Cap_Nurse,1)),Avail_Nurse)))*Cap_Nurse+(MAX(0,((CEILING((0.9)*(Arr_M)/Cap_Tech,1)+CEILING((0.9)*(Arr_E)/Cap_Tech,1)+CEILING((0.9)*(Arr_N)/Cap_Tech,1)))-Avail_Tech-(OTCapPct)*MIN((CEILING((0.9)*(Arr_M)/Cap_Tech,1)+CEILING((0.9)*(Arr_E)/Cap_Tech,1)+CEILING((0.9)*(Arr_N)/Cap_Tech,1)),Avail_Tech)))*Cap_Tech+(MAX(0,(0.9)*Arr_M-(BedsAdded+BedsCurrent)*ShiftHours/BedHr_M)+MAX(0,(0.9)*Arr_E-(BedsAdded+BedsCurrent)*ShiftHours/BedHr_E)+MAX(0,(0.9)*Arr_N-(BedsAdded+BedsCurrent)*ShiftHours/BedHr_N))+(MAX(0,(0.9)*Arr_M*Acuity_M-(ImgBase+(ImgExpOn)*ImgExpAdd))+MAX(0,(0.9)*Arr_E*Acuity_E-(ImgBase+(ImgExpOn)*ImgExpAdd))+MAX(0,(0.9)*Arr_N*Acuity_N-(ImgBase+(ImgExpOn)*ImgExpAdd)))+(MAX(0,(0.9)*Arr_M-(LabBase+(LabExpOn)*LabExpAdd))+MAX(0,(0.9)*Arr_E-(LabBase+(LabExpOn)*LabExpAdd))+MAX(0,(0.9)*Arr_N-(LabBase+(LabExpOn)*LabExpAdd))))/(Arr_M+Arr_E+Arr_N) -> 0.95185185 | D8: =(MAX(0,((CEILING((0.9)*(Arr_M*(1+0.5*Acuity_M))/Cap_Doc,1)+CEILING((0.9)*(Arr_E*(1+0.5*Acuity_E))/Cap_Doc,1)+CEILING((0.9)*(Arr_N*(1+0.5*Acuity_N))/Cap_Doc,1)))-Avail_Doc-(OTCapPct)*MIN((CEILING((0.9)*(Arr_M*(1+0.5*Acuity_M))/Cap_Doc,1)+CEILING((0.9)*(Arr_E*(1+0.5*Acuity_E))/Cap_Doc,1)+CEILING((0.9)*(Arr_N*(1+0.5*Acuity_N))/Cap_Doc,1)),Avail_Doc)))*Cap_Doc+(MAX(0,((CEILING((0.9)*(Arr_M)/Cap_Nurse,1)+CEILING((0.9)*(Arr_E)/Cap_Nurse,1)+CEILING((0.9)*(Arr_N)/Cap_Nurse,1)))-Avail_Nurse-(OTCapPct)*MIN((CEILING((0.9)*(Arr_M)/Cap_Nurse,1)+CEILING((0.9)*(Arr_E)/Cap_Nurse,1)+CEILING((0.9)*(Arr_N)/Cap_Nurse,1)),Avail_Nurse)))*Cap_Nurse+(MAX(0,((CEILING((0.9)*(Arr_M)/Cap_Tech,1)+CEILING((0.9)*(Arr_E)/Cap_Tech,1)+CEILING((0.9)*(Arr_N)/Cap_Tech,1)))-Avail_Tech-(OTCapPct)*MIN((CEILING((0.9)*(Arr_M)/Cap_Tech,1)+CEILING((0.9)*(Arr_E)/Cap_Tech,1)+CEILING((0.9)*(Arr_N)/Cap_Tech,1)),Avail_Tech)))*Cap_Tech+(MAX(0,(0.9)*Arr_M-(BedsAdded+BedsCurrent)*ShiftHours/BedHr_M)+MAX(0,(0.9)*Arr_E-(BedsAdded+BedsCurrent)*ShiftHours/BedHr_E)+MAX(0,(0.9)*Arr_N-(BedsAdded+BedsCurrent)*ShiftHours/BedHr_N))+(MAX(0,(0.9)*Arr_M*Acuity_M-(ImgBase+(ImgExpOn)*ImgExpAdd))+MAX(0,(0.9)*Arr_E*Acuity_E-(ImgBase+(ImgExpOn)*ImgExpAdd))+MAX(0,(0.9)*Arr_N*Acuity_N-(ImgBase+(ImgExpOn)*ImgExpAdd)))+(MAX(0,(0.9)*Arr_M-(LabBase+(LabExpOn)*LabExpAdd))+MAX(0,(0.9)*Arr_E-(LabBase+(LabExpOn)*LabExpAdd))+MAX(0,(0.9)*Arr_N-(LabBase+(LabExpOn)*LabExpAdd))) -> 13 | E8: =B8-B11 -> -104960
A9: 0.95 | B9: =((MIN((CEILING((0.95)*(Arr_M*(1+0.5*Acuity_M))/Cap_Doc,1)+CEILING((0.95)*(Arr_E*(1+0.5*Acuity_E))/Cap_Doc,1)+CEILING((0.95)*(Arr_N*(1+0.5*Acuity_N))/Cap_Doc,1)),Avail_Doc))*RegCost_Doc+(MIN(MAX((CEILING((0.95)*(Arr_M*(1+0.5*Acuity_M))/Cap_Doc,1)+CEILING((0.95)*(Arr_E*(1+0.5*Acuity_E))/Cap_Doc,1)+CEILING((0.95)*(Arr_N*(1+0.5*Acuity_N))/Cap_Doc,1))-Avail_Doc,0),(OTCapPct)*MIN((CEILING((0.95)*(Arr_M*(1+0.5*Acuity_M))/Cap_Doc,1)+CEILING((0.95)*(Arr_E*(1+0.5*Acuity_E))/Cap_Doc,1)+CEILING((0.95)*(Arr_N*(1+0.5*Acuity_N))/Cap_Doc,1)),Avail_Doc)))*OTCost_Doc+(MIN((CEILING((0.95)*(Arr_M)/Cap_Nurse,1)+CEILING((0.95)*(Arr_E)/Cap_Nurse,1)+CEILING((0.95)*(Arr_N)/Cap_Nurse,1)),Avail_Nurse))*RegCost_Nurse+(MIN(MAX((CEILING((0.95)*(Arr_M)/Cap_Nurse,1)+CEILING((0.95)*(Arr_E)/Cap_Nurse,1)+CEILING((0.95)*(Arr_N)/Cap_Nurse,1))-Avail_Nurse,0),(OTCapPct)*MIN((CEILING((0.95)*(Arr_M)/Cap_Nurse,1)+CEILING((0.95)*(Arr_E)/Cap_Nurse,1)+CEILING((0.95)*(Arr_N)/Cap_Nurse,1)),Avail_Nurse)))*OTCost_Nurse+(MIN((CEILING((0.95)*(Arr_M)/Cap_Tech,1)+CEILING((0.95)*(Arr_E)/Cap_Tech,1)+CEILING((0.95)*(Arr_N)/Cap_Tech,1)),Avail_Tech))*RegCost_Tech+(MIN(MAX((CEILING((0.95)*(Arr_M)/Cap_Tech,1)+CEILING((0.95)*(Arr_E)/Cap_Tech,1)+CEILING((0.95)*(Arr_N)/Cap_Tech,1))-Avail_Tech,0),(OTCapPct)*MIN((CEILING((0.95)*(Arr_M)/Cap_Tech,1)+CEILING((0.95)*(Arr_E)/Cap_Tech,1)+CEILING((0.95)*(Arr_N)/Cap_Tech,1)),Avail_Tech)))*OTCost_Tech)+((BedsAdded)*BedCostPerBed+(ImgExpOn)*ImgExpCost+(LabExpOn)*LabExpCost)+(((MAX(0,((CEILING((0.95)*(Arr_M*(1+0.5*Acuity_M))/Cap_Doc,1)+CEILING((0.95)*(Arr_E*(1+0.5*Acuity_E))/Cap_Doc,1)+CEILING((0.95)*(Arr_N*(1+0.5*Acuity_N))/Cap_Doc,1)))-Avail_Doc-(OTCapPct)*MIN((CEILING((0.95)*(Arr_M*(1+0.5*Acuity_M))/Cap_Doc,1)+CEILING((0.95)*(Arr_E*(1+0.5*Acuity_E))/Cap_Doc,1)+CEILING((0.95)*(Arr_N*(1+0.5*Acuity_N))/Cap_Doc,1)),Avail_Doc)))*Cap_Doc+(MAX(0,((CEILING((0.95)*(Arr_M)/Cap_Nurse,1)+CEILING((0.95)*(Arr_E)/Cap_Nurse,1)+CEILING((0.95)*(Arr_N)/Cap_Nurse,1)))-Avail_Nurse-(OTCapPct)*MIN((CEILING((0.95)*(Arr_M)/Cap_Nurse,1)+CEILING((0.95)*(Arr_E)/Cap_Nurse,1)+CEILING((0.95)*(Arr_N)/Cap_Nurse,1)),Avail_Nurse)))*Cap_Nurse+(MAX(0,((CEILING((0.95)*(Arr_M)/Cap_Tech,1)+CEILING((0.95)*(Arr_E)/Cap_Tech,1)+CEILING((0.95)*(Arr_N)/Cap_Tech,1)))-Avail_Tech-(OTCapPct)*MIN((CEILING((0.95)*(Arr_M)/Cap_Tech,1)+CEILING((0.95)*(Arr_E)/Cap_Tech,1)+CEILING((0.95)*(Arr_N)/Cap_Tech,1)),Avail_Tech)))*Cap_Tech+(MAX(0,(0.95)*Arr_M-(BedsAdded+BedsCurrent)*ShiftHours/BedHr_M)+MAX(0,(0.95)*Arr_E-(BedsAdded+BedsCurrent)*ShiftHours/BedHr_E)+MAX(0,(0.95)*Arr_N-(BedsAdded+BedsCurrent)*ShiftHours/BedHr_N))+(MAX(0,(0.95)*Arr_M*Acuity_M-(ImgBase+(ImgExpOn)*ImgExpAdd))+MAX(0,(0.95)*Arr_E*Acuity_E-(ImgBase+(ImgExpOn)*ImgExpAdd))+MAX(0,(0.95)*Arr_N*Acuity_N-(ImgBase+(ImgExpOn)*ImgExpAdd)))+(MAX(0,(0.95)*Arr_M-(LabBase+(LabExpOn)*LabExpAdd))+MAX(0,(0.95)*Arr_E-(LabBase+(LabExpOn)*LabExpAdd))+MAX(0,(0.95)*Arr_N-(LabBase+(LabExpOn)*LabExpAdd))))*(PenUncovered*(1-DivertShare)+PenDiverted*DivertShare)) -> 466610 | C9: =1-((MAX(0,((CEILING((0.95)*(Arr_M*(1+0.5*Acuity_M))/Cap_Doc,1)+CEILING((0.95)*(Arr_E*(1+0.5*Acuity_E))/Cap_Doc,1)+CEILING((0.95)*(Arr_N*(1+0.5*Acuity_N))/Cap_Doc,1)))-Avail_Doc-(OTCapPct)*MIN((CEILING((0.95)*(Arr_M*(1+0.5*Acuity_M))/Cap_Doc,1)+CEILING((0.95)*(Arr_E*(1+0.5*Acuity_E))/Cap_Doc,1)+CEILING((0.95)*(Arr_N*(1+0.5*Acuity_N))/Cap_Doc,1)),Avail_Doc)))*Cap_Doc+(MAX(0,((CEILING((0.95)*(Arr_M)/Cap_Nurse,1)+CEILING((0.95)*(Arr_E)/Cap_Nurse,1)+CEILING((0.95)*(Arr_N)/Cap_Nurse,1)))-Avail_Nurse-(OTCapPct)*MIN((CEILING((0.95)*(Arr_M)/Cap_Nurse,1)+CEILING((0.95)*(Arr_E)/Cap_Nurse,1)+CEILING((0.95)*(Arr_N)/Cap_Nurse,1)),Avail_Nurse)))*Cap_Nurse+(MAX(0,((CEILING((0.95)*(Arr_M)/Cap_Tech,1)+CEILING((0.95)*(Arr_E)/Cap_Tech,1)+CEILING((0.95)*(Arr_N)/Cap_Tech,1)))-Avail_Tech-(OTCapPct)*MIN((CEILING((0.95)*(Arr_M)/Cap_Tech,1)+CEILING((0.95)*(Arr_E)/Cap_Tech,1)+CEILING((0.95)*(Arr_N)/Cap_Tech,1)),Avail_Tech)))*Cap_Tech+(MAX(0,(0.95)*Arr_M-(BedsAdded+BedsCurrent)*ShiftHours/BedHr_M)+MAX(0,(0.95)*Arr_E-(BedsAdded+BedsCurrent)*ShiftHours/BedHr_E)+MAX(0,(0.95)*Arr_N-(BedsAdded+BedsCurrent)*ShiftHours/BedHr_N))+(MAX(0,(0.95)*Arr_M*Acuity_M-(ImgBase+(ImgExpOn)*ImgExpAdd))+MAX(0,(0.95)*Arr_E*Acuity_E-(ImgBase+(ImgExpOn)*ImgExpAdd))+MAX(0,(0.95)*Arr_N*Acuity_N-(ImgBase+(ImgExpOn)*ImgExpAdd)))+(MAX(0,(0.95)*Arr_M-(LabBase+(LabExpOn)*LabExpAdd))+MAX(0,(0.95)*Arr_E-(LabBase+(LabExpOn)*LabExpAdd))+MAX(0,(0.95)*Arr_N-(LabBase+(LabExpOn)*LabExpAdd))))/(Arr_M+Arr_E+Arr_N) -> 0.91037037 | D9: =(MAX(0,((CEILING((0.95)*(Arr_M*(1+0.5*Acuity_M))/Cap_Doc,1)+CEILING((0.95)*(Arr_E*(1+0.5*Acuity_E))/Cap_Doc,1)+CEILING((0.95)*(Arr_N*(1+0.5*Acuity_N))/Cap_Doc,1)))-Avail_Doc-(OTCapPct)*MIN((CEILING((0.95)*(Arr_M*(1+0.5*Acuity_M))/Cap_Doc,1)+CEILING((0.95)*(Arr_E*(1+0.5*Acuity_E))/Cap_Doc,1)+CEILING((0.95)*(Arr_N*(1+0.5*Acuity_N))/Cap_Doc,1)),Avail_Doc)))*Cap_Doc+(MAX(0,((CEILING((0.95)*(Arr_M)/Cap_Nurse,1)+CEILING((0.95)*(Arr_E)/Cap_Nurse,1)+CEILING((0.95)*(Arr_N)/Cap_Nurse,1)))-Avail_Nurse-(OTCapPct)*MIN((CEILING((0.95)*(Arr_M)/Cap_Nurse,1)+CEILING((0.95)*(Arr_E)/Cap_Nurse,1)+CEILING((0.95)*(Arr_N)/Cap_Nurse,1)),Avail_Nurse)))*Cap_Nurse+(MAX(0,((CEILING((0.95)*(Arr_M)/Cap_Tech,1)+CEILING((0.95)*(Arr_E)/Cap_Tech,1)+CEILING((0.95)*(Arr_N)/Cap_Tech,1)))-Avail_Tech-(OTCapPct)*MIN((CEILING((0.95)*(Arr_M)/Cap_Tech,1)+CEILING((0.95)*(Arr_E)/Cap_Tech,1)+CEILING((0.95)*(Arr_N)/Cap_Tech,1)),Avail_Tech)))*Cap_Tech+(MAX(0,(0.95)*Arr_M-(BedsAdded+BedsCurrent)*ShiftHours/BedHr_M)+MAX(0,(0.95)*Arr_E-(BedsAdded+BedsCurrent)*ShiftHours/BedHr_E)+MAX(0,(0.95)*Arr_N-(BedsAdded+BedsCurrent)*ShiftHours/BedHr_N))+(MAX(0,(0.95)*Arr_M*Acuity_M-(ImgBase+(ImgExpOn)*ImgExpAdd))+MAX(0,(0.95)*Arr_E*Acuity_E-(ImgBase+(ImgExpOn)*ImgExpAdd))+MAX(0,(0.95)*Arr_N*Acuity_N-(ImgBase+(ImgExpOn)*ImgExpAdd)))+(MAX(0,(0.95)*Arr_M-(LabBase+(LabExpOn)*LabExpAdd))+MAX(0,(0.95)*Arr_E-(LabBase+(LabExpOn)*LabExpAdd))+MAX(0,(0.95)*Arr_N-(LabBase+(LabExpOn)*LabExpAdd))) -> 24.2 | E9: =B9-B11 -> 0
A10: 0.99 | B10: =((MIN((CEILING((0.99)*(Arr_M*(1+0.5*Acuity_M))/Cap_Doc,1)+CEILING((0.99)*(Arr_E*(1+0.5*Acuity_E))/Cap_Doc,1)+CEILING((0.99)*(Arr_N*(1+0.5*Acuity_N))/Cap_Doc,1)),Avail_Doc))*RegCost_Doc+(MIN(MAX((CEILING((0.99)*(Arr_M*(1+0.5*Acuity_M))/Cap_Doc,1)+CEILING((0.99)*(Arr_E*(1+0.5*Acuity_E))/Cap_Doc,1)+CEILING((0.99)*(Arr_N*(1+0.5*Acuity_N))/Cap_Doc,1))-Avail_Doc,0),(OTCapPct)*MIN((CEILING((0.99)*(Arr_M*(1+0.5*Acuity_M))/Cap_Doc,1)+CEILING((0.99)*(Arr_E*(1+0.5*Acuity_E))/Cap_Doc,1)+CEILING((0.99)*(Arr_N*(1+0.5*Acuity_N))/Cap_Doc,1)),Avail_Doc)))*OTCost_Doc+(MIN((CEILING((0.99)*(Arr_M)/Cap_Nurse,1)+CEILING((0.99)*(Arr_E)/Cap_Nurse,1)+CEILING((0.99)*(Arr_N)/Cap_Nurse,1)),Avail_Nurse))*RegCost_Nurse+(MIN(MAX((CEILING((0.99)*(Arr_M)/Cap_Nurse,1)+CEILING((0.99)*(Arr_E)/Cap_Nurse,1)+CEILING((0.99)*(Arr_N)/Cap_Nurse,1))-Avail_Nurse,0),(OTCapPct)*MIN((CEILING((0.99)*(Arr_M)/Cap_Nurse,1)+CEILING((0.99)*(Arr_E)/Cap_Nurse,1)+CEILING((0.99)*(Arr_N)/Cap_Nurse,1)),Avail_Nurse)))*OTCost_Nurse+(MIN((CEILING((0.99)*(Arr_M)/Cap_Tech,1)+CEILING((0.99)*(Arr_E)/Cap_Tech,1)+CEILING((0.99)*(Arr_N)/Cap_Tech,1)),Avail_Tech))*RegCost_Tech+(MIN(MAX((CEILING((0.99)*(Arr_M)/Cap_Tech,1)+CEILING((0.99)*(Arr_E)/Cap_Tech,1)+CEILING((0.99)*(Arr_N)/Cap_Tech,1))-Avail_Tech,0),(OTCapPct)*MIN((CEILING((0.99)*(Arr_M)/Cap_Tech,1)+CEILING((0.99)*(Arr_E)/Cap_Tech,1)+CEILING((0.99)*(Arr_N)/Cap_Tech,1)),Avail_Tech)))*OTCost_Tech)+((BedsAdded)*BedCostPerBed+(ImgExpOn)*ImgExpCost+(LabExpOn)*LabExpCost)+(((MAX(0,((CEILING((0.99)*(Arr_M*(1+0.5*Acuity_M))/Cap_Doc,1)+CEILING((0.99)*(Arr_E*(1+0.5*Acuity_E))/Cap_Doc,1)+CEILING((0.99)*(Arr_N*(1+0.5*Acuity_N))/Cap_Doc,1)))-Avail_Doc-(OTCapPct)*MIN((CEILING((0.99)*(Arr_M*(1+0.5*Acuity_M))/Cap_Doc,1)+CEILING((0.99)*(Arr_E*(1+0.5*Acuity_E))/Cap_Doc,1)+CEILING((0.99)*(Arr_N*(1+0.5*Acuity_N))/Cap_Doc,1)),Avail_Doc)))*Cap_Doc+(MAX(0,((CEILING((0.99)*(Arr_M)/Cap_Nurse,1)+CEILING((0.99)*(Arr_E)/Cap_Nurse,1)+CEILING((0.99)*(Arr_N)/Cap_Nurse,1)))-Avail_Nurse-(OTCapPct)*MIN((CEILING((0.99)*(Arr_M)/Cap_Nurse,1)+CEILING((0.99)*(Arr_E)/Cap_Nurse,1)+CEILING((0.99)*(Arr_N)/Cap_Nurse,1)),Avail_Nurse)))*Cap_Nurse+(MAX(0,((CEILING((0.99)*(Arr_M)/Cap_Tech,1)+CEILING((0.99)*(Arr_E)/Cap_Tech,1)+CEILING((0.99)*(Arr_N)/Cap_Tech,1)))-Avail_Tech-(OTCapPct)*MIN((CEILING((0.99)*(Arr_M)/Cap_Tech,1)+CEILING((0.99)*(Arr_E)/Cap_Tech,1)+CEILING((0.99)*(Arr_N)/Cap_Tech,1)),Avail_Tech)))*Cap_Tech+(MAX(0,(0.99)*Arr_M-(BedsAdded+BedsCurrent)*ShiftHours/BedHr_M)+MAX(0,(0.99)*Arr_E-(BedsAdded+BedsCurrent)*ShiftHours/BedHr_E)+MAX(0,(0.99)*Arr_N-(BedsAdded+BedsCurrent)*ShiftHours/BedHr_N))+(MAX(0,(0.99)*Arr_M*Acuity_M-(ImgBase+(ImgExpOn)*ImgExpAdd))+MAX(0,(0.99)*Arr_E*Acuity_E-(ImgBase+(ImgExpOn)*ImgExpAdd))+MAX(0,(0.99)*Arr_N*Acuity_N-(ImgBase+(ImgExpOn)*ImgExpAdd)))+(MAX(0,(0.99)*Arr_M-(LabBase+(LabExpOn)*LabExpAdd))+MAX(0,(0.99)*Arr_E-(LabBase+(LabExpOn)*LabExpAdd))+MAX(0,(0.99)*Arr_N-(LabBase+(LabExpOn)*LabExpAdd))))*(PenUncovered*(1-DivertShare)+PenDiverted*DivertShare)) -> 565790 | C10: =1-((MAX(0,((CEILING((0.99)*(Arr_M*(1+0.5*Acuity_M))/Cap_Doc,1)+CEILING((0.99)*(Arr_E*(1+0.5*Acuity_E))/Cap_Doc,1)+CEILING((0.99)*(Arr_N*(1+0.5*Acuity_N))/Cap_Doc,1)))-Avail_Doc-(OTCapPct)*MIN((CEILING((0.99)*(Arr_M*(1+0.5*Acuity_M))/Cap_Doc,1)+CEILING((0.99)*(Arr_E*(1+0.5*Acuity_E))/Cap_Doc,1)+CEILING((0.99)*(Arr_N*(1+0.5*Acuity_N))/Cap_Doc,1)),Avail_Doc)))*Cap_Doc+(MAX(0,((CEILING((0.99)*(Arr_M)/Cap_Nurse,1)+CEILING((0.99)*(Arr_E)/Cap_Nurse,1)+CEILING((0.99)*(Arr_N)/Cap_Nurse,1)))-Avail_Nurse-(OTCapPct)*MIN((CEILING((0.99)*(Arr_M)/Cap_Nurse,1)+CEILING((0.99)*(Arr_E)/Cap_Nurse,1)+CEILING((0.99)*(Arr_N)/Cap_Nurse,1)),Avail_Nurse)))*Cap_Nurse+(MAX(0,((CEILING((0.99)*(Arr_M)/Cap_Tech,1)+CEILING((0.99)*(Arr_E)/Cap_Tech,1)+CEILING((0.99)*(Arr_N)/Cap_Tech,1)))-Avail_Tech-(OTCapPct)*MIN((CEILING((0.99)*(Arr_M)/Cap_Tech,1)+CEILING((0.99)*(Arr_E)/Cap_Tech,1)+CEILING((0.99)*(Arr_N)/Cap_Tech,1)),Avail_Tech)))*Cap_Tech+(MAX(0,(0.99)*Arr_M-(BedsAdded+BedsCurrent)*ShiftHours/BedHr_M)+MAX(0,(0.99)*Arr_E-(BedsAdded+BedsCurrent)*ShiftHours/BedHr_E)+MAX(0,(0.99)*Arr_N-(BedsAdded+BedsCurrent)*ShiftHours/BedHr_N))+(MAX(0,(0.99)*Arr_M*Acuity_M-(ImgBase+(ImgExpOn)*ImgExpAdd))+MAX(0,(0.99)*Arr_E*Acuity_E-(ImgBase+(ImgExpOn)*ImgExpAdd))+MAX(0,(0.99)*Arr_N*Acuity_N-(ImgBase+(ImgExpOn)*ImgExpAdd)))+(MAX(0,(0.99)*Arr_M-(LabBase+(LabExpOn)*LabExpAdd))+MAX(0,(0.99)*Arr_E-(LabBase+(LabExpOn)*LabExpAdd))+MAX(0,(0.99)*Arr_N-(LabBase+(LabExpOn)*LabExpAdd))))/(Arr_M+Arr_E+Arr_N) -> 0.87481481 | D10: =(MAX(0,((CEILING((0.99)*(Arr_M*(1+0.5*Acuity_M))/Cap_Doc,1)+CEILING((0.99)*(Arr_E*(1+0.5*Acuity_E))/Cap_Doc,1)+CEILING((0.99)*(Arr_N*(1+0.5*Acuity_N))/Cap_Doc,1)))-Avail_Doc-(OTCapPct)*MIN((CEILING((0.99)*(Arr_M*(1+0.5*Acuity_M))/Cap_Doc,1)+CEILING((0.99)*(Arr_E*(1+0.5*Acuity_E))/Cap_Doc,1)+CEILING((0.99)*(Arr_N*(1+0.5*Acuity_N))/Cap_Doc,1)),Avail_Doc)))*Cap_Doc+(MAX(0,((CEILING((0.99)*(Arr_M)/Cap_Nurse,1)+CEILING((0.99)*(Arr_E)/Cap_Nurse,1)+CEILING((0.99)*(Arr_N)/Cap_Nurse,1)))-Avail_Nurse-(OTCapPct)*MIN((CEILING((0.99)*(Arr_M)/Cap_Nurse,1)+CEILING((0.99)*(Arr_E)/Cap_Nurse,1)+CEILING((0.99)*(Arr_N)/Cap_Nurse,1)),Avail_Nurse)))*Cap_Nurse+(MAX(0,((CEILING((0.99)*(Arr_M)/Cap_Tech,1)+CEILING((0.99)*(Arr_E)/Cap_Tech,1)+CEILING((0.99)*(Arr_N)/Cap_Tech,1)))-Avail_Tech-(OTCapPct)*MIN((CEILING((0.99)*(Arr_M)/Cap_Tech,1)+CEILING((0.99)*(Arr_E)/Cap_Tech,1)+CEILING((0.99)*(Arr_N)/Cap_Tech,1)),Avail_Tech)))*Cap_Tech+(MAX(0,(0.99)*Arr_M-(BedsAdded+BedsCurrent)*ShiftHours/BedHr_M)+MAX(0,(0.99)*Arr_E-(BedsAdded+BedsCurrent)*ShiftHours/BedHr_E)+MAX(0,(0.99)*Arr_N-(BedsAdded+BedsCurrent)*ShiftHours/BedHr_N))+(MAX(0,(0.99)*Arr_M*Acuity_M-(ImgBase+(ImgExpOn)*ImgExpAdd))+MAX(0,(0.99)*Arr_E*Acuity_E-(ImgBase+(ImgExpOn)*ImgExpAdd))+MAX(0,(0.99)*Arr_N*Acuity_N-(ImgBase+(ImgExpOn)*ImgExpAdd)))+(MAX(0,(0.99)*Arr_M-(LabBase+(LabExpOn)*LabExpAdd))+MAX(0,(0.99)*Arr_E-(LabBase+(LabExpOn)*LabExpAdd))+MAX(0,(0.99)*Arr_N-(LabBase+(LabExpOn)*LabExpAdd))) -> 33.8 | E10: =B10-B11 -> 99180
A11: CURRENT (Inputs sheet) | B11: =((MIN((CEILING((ServiceTarget)*(Arr_M*(1+0.5*Acuity_M))/Cap_Doc,1)+CEILING((ServiceTarget)*(Arr_E*(1+0.5*Acuity_E))/Cap_Doc,1)+CEILING((ServiceTarget)*(Arr_N*(1+0.5*Acuity_N))/Cap_Doc,1)),Avail_Doc))*RegCost_Doc+(MIN(MAX((CEILING((ServiceTarget)*(Arr_M*(1+0.5*Acuity_M))/Cap_Doc,1)+CEILING((ServiceTarget)*(Arr_E*(1+0.5*Acuity_E))/Cap_Doc,1)+CEILING((ServiceTarget)*(Arr_N*(1+0.5*Acuity_N))/Cap_Doc,1))-Avail_Doc,0),(OTCapPct)*MIN((CEILING((ServiceTarget)*(Arr_M*(1+0.5*Acuity_M))/Cap_Doc,1)+CEILING((ServiceTarget)*(Arr_E*(1+0.5*Acuity_E))/Cap_Doc,1)+CEILING((ServiceTarget)*(Arr_N*(1+0.5*Acuity_N))/Cap_Doc,1)),Avail_Doc)))*OTCost_Doc+(MIN((CEILING((ServiceTarget)*(Arr_M)/Cap_Nurse,1)+CEILING((ServiceTarget)*(Arr_E)/Cap_Nurse,1)+CEILING((ServiceTarget)*(Arr_N)/Cap_Nurse,1)),Avail_Nurse))*RegCost_Nurse+(MIN(MAX((CEILING((ServiceTarget)*(Arr_M)/Cap_Nurse,1)+CEILING((ServiceTarget)*(Arr_E)/Cap_Nurse,1)+CEILING((ServiceTarget)*(Arr_N)/Cap_Nurse,1))-Avail_Nurse,0),(OTCapPct)*MIN((CEILING((ServiceTarget)*(Arr_M)/Cap_Nurse,1)+CEILING((ServiceTarget)*(Arr_E)/Cap_Nurse,1)+CEILING((ServiceTarget)*(Arr_N)/Cap_Nurse,1)),Avail_Nurse)))*OTCost_Nurse+(MIN((CEILING((ServiceTarget)*(Arr_M)/Cap_Tech,1)+CEILING((ServiceTarget)*(Arr_E)/Cap_Tech,1)+CEILING((ServiceTarget)*(Arr_N)/Cap_Tech,1)),Avail_Tech))*RegCost_Tech+(MIN(MAX((CEILING((ServiceTarget)*(Arr_M)/Cap_Tech,1)+CEILING((ServiceTarget)*(Arr_E)/Cap_Tech,1)+CEILING((ServiceTarget)*(Arr_N)/Cap_Tech,1))-Avail_Tech,0),(OTCapPct)*MIN((CEILING((ServiceTarget)*(Arr_M)/Cap_Tech,1)+CEILING((ServiceTarget)*(Arr_E)/Cap_Tech,1)+CEILING((ServiceTarget)*(Arr_N)/Cap_Tech,1)),Avail_Tech)))*OTCost_Tech)+((BedsAdded)*BedCostPerBed+(ImgExpOn)*ImgExpCost+(LabExpOn)*LabExpCost)+(((MAX(0,((CEILING((ServiceTarget)*(Arr_M*(1+0.5*Acuity_M))/Cap_Doc,1)+CEILING((ServiceTarget)*(Arr_E*(1+0.5*Acuity_E))/Cap_Doc,1)+CEILING((ServiceTarget)*(Arr_N*(1+0.5*Acuity_N))/Cap_Doc,1)))-Avail_Doc-(OTCapPct)*MIN((CEILING((ServiceTarget)*(Arr_M*(1+0.5*Acuity_M))/Cap_Doc,1)+CEILING((ServiceTarget)*(Arr_E*(1+0.5*Acuity_E))/Cap_Doc,1)+CEILING((ServiceTarget)*(Arr_N*(1+0.5*Acuity_N))/Cap_Doc,1)),Avail_Doc)))*Cap_Doc+(MAX(0,((CEILING((ServiceTarget)*(Arr_M)/Cap_Nurse,1)+CEILING((ServiceTarget)*(Arr_E)/Cap_Nurse,1)+CEILING((ServiceTarget)*(Arr_N)/Cap_Nurse,1)))-Avail_Nurse-(OTCapPct)*MIN((CEILING((ServiceTarget)*(Arr_M)/Cap_Nurse,1)+CEILING((ServiceTarget)*(Arr_E)/Cap_Nurse,1)+CEILING((ServiceTarget)*(Arr_N)/Cap_Nurse,1)),Avail_Nurse)))*Cap_Nurse+(MAX(0,((CEILING((ServiceTarget)*(Arr_M)/Cap_Tech,1)+CEILING((ServiceTarget)*(Arr_E)/Cap_Tech,1)+CEILING((ServiceTarget)*(Arr_N)/Cap_Tech,1)))-Avail_Tech-(OTCapPct)*MIN((CEILING((ServiceTarget)*(Arr_M)/Cap_Tech,1)+CEILING((ServiceTarget)*(Arr_E)/Cap_Tech,1)+CEILING((ServiceTarget)*(Arr_N)/Cap_Tech,1)),Avail_Tech)))*Cap_Tech+(MAX(0,(ServiceTarget)*Arr_M-(BedsAdded+BedsCurrent)*ShiftHours/BedHr_M)+MAX(0,(ServiceTarget)*Arr_E-(BedsAdded+BedsCurrent)*ShiftHours/BedHr_E)+MAX(0,(ServiceTarget)*Arr_N-(BedsAdded+BedsCurrent)*ShiftHours/BedHr_N))+(MAX(0,(ServiceTarget)*Arr_M*Acuity_M-(ImgBase+(ImgExpOn)*ImgExpAdd))+MAX(0,(ServiceTarget)*Arr_E*Acuity_E-(ImgBase+(ImgExpOn)*ImgExpAdd))+MAX(0,(ServiceTarget)*Arr_N*Acuity_N-(ImgBase+(ImgExpOn)*ImgExpAdd)))+(MAX(0,(ServiceTarget)*Arr_M-(LabBase+(LabExpOn)*LabExpAdd))+MAX(0,(ServiceTarget)*Arr_E-(LabBase+(LabExpOn)*LabExpAdd))+MAX(0,(ServiceTarget)*Arr_N-(LabBase+(LabExpOn)*LabExpAdd))))*(PenUncovered*(1-DivertShare)+PenDiverted*DivertShare)) -> 466610 | C11: =1-((MAX(0,((CEILING((ServiceTarget)*(Arr_M*(1+0.5*Acuity_M))/Cap_Doc,1)+CEILING((ServiceTarget)*(Arr_E*(1+0.5*Acuity_E))/Cap_Doc,1)+CEILING((ServiceTarget)*(Arr_N*(1+0.5*Acuity_N))/Cap_Doc,1)))-Avail_Doc-(OTCapPct)*MIN((CEILING((ServiceTarget)*(Arr_M*(1+0.5*Acuity_M))/Cap_Doc,1)+CEILING((ServiceTarget)*(Arr_E*(1+0.5*Acuity_E))/Cap_Doc,1)+CEILING((ServiceTarget)*(Arr_N*(1+0.5*Acuity_N))/Cap_Doc,1)),Avail_Doc)))*Cap_Doc+(MAX(0,((CEILING((ServiceTarget)*(Arr_M)/Cap_Nurse,1)+CEILING((ServiceTarget)*(Arr_E)/Cap_Nurse,1)+CEILING((ServiceTarget)*(Arr_N)/Cap_Nurse,1)))-Avail_Nurse-(OTCapPct)*MIN((CEILING((ServiceTarget)*(Arr_M)/Cap_Nurse,1)+CEILING((ServiceTarget)*(Arr_E)/Cap_Nurse,1)+CEILING((ServiceTarget)*(Arr_N)/Cap_Nurse,1)),Avail_Nurse)))*Cap_Nurse+(MAX(0,((CEILING((ServiceTarget)*(Arr_M)/Cap_Tech,1)+CEILING((ServiceTarget)*(Arr_E)/Cap_Tech,1)+CEILING((ServiceTarget)*(Arr_N)/Cap_Tech,1)))-Avail_Tech-(OTCapPct)*MIN((CEILING((ServiceTarget)*(Arr_M)/Cap_Tech,1)+CEILING((ServiceTarget)*(Arr_E)/Cap_Tech,1)+CEILING((ServiceTarget)*(Arr_N)/Cap_Tech,1)),Avail_Tech)))*Cap_Tech+(MAX(0,(ServiceTarget)*Arr_M-(BedsAdded+BedsCurrent)*ShiftHours/BedHr_M)+MAX(0,(ServiceTarget)*Arr_E-(BedsAdded+BedsCurrent)*ShiftHours/BedHr_E)+MAX(0,(ServiceTarget)*Arr_N-(BedsAdded+BedsCurrent)*ShiftHours/BedHr_N))+(MAX(0,(ServiceTarget)*Arr_M*Acuity_M-(ImgBase+(ImgExpOn)*ImgExpAdd))+MAX(0,(ServiceTarget)*Arr_E*Acuity_E-(ImgBase+(ImgExpOn)*ImgExpAdd))+MAX(0,(ServiceTarget)*Arr_N*Acuity_N-(ImgBase+(ImgExpOn)*ImgExpAdd)))+(MAX(0,(ServiceTarget)*Arr_M-(LabBase+(LabExpOn)*LabExpAdd))+MAX(0,(ServiceTarget)*Arr_E-(LabBase+(LabExpOn)*LabExpAdd))+MAX(0,(ServiceTarget)*Arr_N-(LabBase+(LabExpOn)*LabExpAdd))))/(Arr_M+Arr_E+Arr_N) -> 0.91037037 | D11: =(MAX(0,((CEILING((ServiceTarget)*(Arr_M*(1+0.5*Acuity_M))/Cap_Doc,1)+CEILING((ServiceTarget)*(Arr_E*(1+0.5*Acuity_E))/Cap_Doc,1)+CEILING((ServiceTarget)*(Arr_N*(1+0.5*Acuity_N))/Cap_Doc,1)))-Avail_Doc-(OTCapPct)*MIN((CEILING((ServiceTarget)*(Arr_M*(1+0.5*Acuity_M))/Cap_Doc,1)+CEILING((ServiceTarget)*(Arr_E*(1+0.5*Acuity_E))/Cap_Doc,1)+CEILING((ServiceTarget)*(Arr_N*(1+0.5*Acuity_N))/Cap_Doc,1)),Avail_Doc)))*Cap_Doc+(MAX(0,((CEILING((ServiceTarget)*(Arr_M)/Cap_Nurse,1)+CEILING((ServiceTarget)*(Arr_E)/Cap_Nurse,1)+CEILING((ServiceTarget)*(Arr_N)/Cap_Nurse,1)))-Avail_Nurse-(OTCapPct)*MIN((CEILING((ServiceTarget)*(Arr_M)/Cap_Nurse,1)+CEILING((ServiceTarget)*(Arr_E)/Cap_Nurse,1)+CEILING((ServiceTarget)*(Arr_N)/Cap_Nurse,1)),Avail_Nurse)))*Cap_Nurse+(MAX(0,((CEILING((ServiceTarget)*(Arr_M)/Cap_Tech,1)+CEILING((ServiceTarget)*(Arr_E)/Cap_Tech,1)+CEILING((ServiceTarget)*(Arr_N)/Cap_Tech,1)))-Avail_Tech-(OTCapPct)*MIN((CEILING((ServiceTarget)*(Arr_M)/Cap_Tech,1)+CEILING((ServiceTarget)*(Arr_E)/Cap_Tech,1)+CEILING((ServiceTarget)*(Arr_N)/Cap_Tech,1)),Avail_Tech)))*Cap_Tech+(MAX(0,(ServiceTarget)*Arr_M-(BedsAdded+BedsCurrent)*ShiftHours/BedHr_M)+MAX(0,(ServiceTarget)*Arr_E-(BedsAdded+BedsCurrent)*ShiftHours/BedHr_E)+MAX(0,(ServiceTarget)*Arr_N-(BedsAdded+BedsCurrent)*ShiftHours/BedHr_N))+(MAX(0,(ServiceTarget)*Arr_M*Acuity_M-(ImgBase+(ImgExpOn)*ImgExpAdd))+MAX(0,(ServiceTarget)*Arr_E*Acuity_E-(ImgBase+(ImgExpOn)*ImgExpAdd))+MAX(0,(ServiceTarget)*Arr_N*Acuity_N-(ImgBase+(ImgExpOn)*ImgExpAdd)))+(MAX(0,(ServiceTarget)*Arr_M-(LabBase+(LabExpOn)*LabExpAdd))+MAX(0,(ServiceTarget)*Arr_E-(LabBase+(LabExpOn)*LabExpAdd))+MAX(0,(ServiceTarget)*Arr_N-(LabBase+(LabExpOn)*LabExpAdd))) -> 24.2
A13: 2. Overtime Cap Sensitivity
A14: OT Cap (% of regular) | B14: Total Daily Cost | C14: Coverage % | D14: Uncovered Patients/Day | E14: Δ Cost vs Current
A15: 0.15 | B15: =((MIN((CEILING((ServiceTarget)*(Arr_M*(1+0.5*Acuity_M))/Cap_Doc,1)+CEILING((ServiceTarget)*(Arr_E*(1+0.5*Acuity_E))/Cap_Doc,1)+CEILING((ServiceTarget)*(Arr_N*(1+0.5*Acuity_N))/Cap_Doc,1)),Avail_Doc))*RegCost_Doc+(MIN(MAX((CEILING((ServiceTarget)*(Arr_M*(1+0.5*Acuity_M))/Cap_Doc,1)+CEILING((ServiceTarget)*(Arr_E*(1+0.5*Acuity_E))/Cap_Doc,1)+CEILING((ServiceTarget)*(Arr_N*(1+0.5*Acuity_N))/Cap_Doc,1))-Avail_Doc,0),(0.15)*MIN((CEILING((ServiceTarget)*(Arr_M*(1+0.5*Acuity_M))/Cap_Doc,1)+CEILING((ServiceTarget)*(Arr_E*(1+0.5*Acuity_E))/Cap_Doc,1)+CEILING((ServiceTarget)*(Arr_N*(1+0.5*Acuity_N))/Cap_Doc,1)),Avail_Doc)))*OTCost_Doc+(MIN((CEILING((ServiceTarget)*(Arr_M)/Cap_Nurse,1)+CEILING((ServiceTarget)*(Arr_E)/Cap_Nurse,1)+CEILING((ServiceTarget)*(Arr_N)/Cap_Nurse,1)),Avail_Nurse))*RegCost_Nurse+(MIN(MAX((CEILING((ServiceTarget)*(Arr_M)/Cap_Nurse,1)+CEILING((ServiceTarget)*(Arr_E)/Cap_Nurse,1)+CEILING((ServiceTarget)*(Arr_N)/Cap_Nurse,1))-Avail_Nurse,0),(0.15)*MIN((CEILING((ServiceTarget)*(Arr_M)/Cap_Nurse,1)+CEILING((ServiceTarget)*(Arr_E)/Cap_Nurse,1)+CEILING((ServiceTarget)*(Arr_N)/Cap_Nurse,1)),Avail_Nurse)))*OTCost_Nurse+(MIN((CEILING((ServiceTarget)*(Arr_M)/Cap_Tech,1)+CEILING((ServiceTarget)*(Arr_E)/Cap_Tech,1)+CEILING((ServiceTarget)*(Arr_N)/Cap_Tech,1)),Avail_Tech))*RegCost_Tech+(MIN(MAX((CEILING((ServiceTarget)*(Arr_M)/Cap_Tech,1)+CEILING((ServiceTarget)*(Arr_E)/Cap_Tech,1)+CEILING((ServiceTarget)*(Arr_N)/Cap_Tech,1))-Avail_Tech,0),(0.15)*MIN((CEILING((ServiceTarget)*(Arr_M)/Cap_Tech,1)+CEILING((ServiceTarget)*(Arr_E)/Cap_Tech,1)+CEILING((ServiceTarget)*(Arr_N)/Cap_Tech,1)),Avail_Tech)))*OTCost_Tech)+((BedsAdded)*BedCostPerBed+(ImgExpOn)*ImgExpCost+(LabExpOn)*LabExpCost)+(((MAX(0,((CEILING((ServiceTarget)*(Arr_M*(1+0.5*Acuity_M))/Cap_Doc,1)+CEILING((ServiceTarget)*(Arr_E*(1+0.5*Acuity_E))/Cap_Doc,1)+CEILING((ServiceTarget)*(Arr_N*(1+0.5*Acuity_N))/Cap_Doc,1)))-Avail_Doc-(0.15)*MIN((CEILING((ServiceTarget)*(Arr_M*(1+0.5*Acuity_M))/Cap_Doc,1)+CEILING((ServiceTarget)*(Arr_E*(1+0.5*Acuity_E))/Cap_Doc,1)+CEILING((ServiceTarget)*(Arr_N*(1+0.5*Acuity_N))/Cap_Doc,1)),Avail_Doc)))*Cap_Doc+(MAX(0,((CEILING((ServiceTarget)*(Arr_M)/Cap_Nurse,1)+CEILING((ServiceTarget)*(Arr_E)/Cap_Nurse,1)+CEILING((ServiceTarget)*(Arr_N)/Cap_Nurse,1)))-Avail_Nurse-(0.15)*MIN((CEILING((ServiceTarget)*(Arr_M)/Cap_Nurse,1)+CEILING((ServiceTarget)*(Arr_E)/Cap_Nurse,1)+CEILING((ServiceTarget)*(Arr_N)/Cap_Nurse,1)),Avail_Nurse)))*Cap_Nurse+(MAX(0,((CEILING((ServiceTarget)*(Arr_M)/Cap_Tech,1)+CEILING((ServiceTarget)*(Arr_E)/Cap_Tech,1)+CEILING((ServiceTarget)*(Arr_N)/Cap_Tech,1)))-Avail_Tech-(0.15)*MIN((CEILING((ServiceTarget)*(Arr_M)/Cap_Tech,1)+CEILING((ServiceTarget)*(Arr_E)/Cap_Tech,1)+CEILING((ServiceTarget)*(Arr_N)/Cap_Tech,1)),Avail_Tech)))*Cap_Tech+(MAX(0,(ServiceTarget)*Arr_M-(BedsAdded+BedsCurrent)*ShiftHours/BedHr_M)+MAX(0,(ServiceTarget)*Arr_E-(BedsAdded+BedsCurrent)*ShiftHours/BedHr_E)+MAX(0,(ServiceTarget)*Arr_N-(BedsAdded+BedsCurrent)*ShiftHours/BedHr_N))+(MAX(0,(ServiceTarget)*Arr_M*Acuity_M-(ImgBase+(ImgExpOn)*ImgExpAdd))+MAX(0,(ServiceTarget)*Arr_E*Acuity_E-(ImgBase+(ImgExpOn)*ImgExpAdd))+MAX(0,(ServiceTarget)*Arr_N*Acuity_N-(ImgBase+(ImgExpOn)*ImgExpAdd)))+(MAX(0,(ServiceTarget)*Arr_M-(LabBase+(LabExpOn)*LabExpAdd))+MAX(0,(ServiceTarget)*Arr_E-(LabBase+(LabExpOn)*LabExpAdd))+MAX(0,(ServiceTarget)*Arr_N-(LabBase+(LabExpOn)*LabExpAdd))))*(PenUncovered*(1-DivertShare)+PenDiverted*DivertShare)) -> 466610 | C15: =1-((MAX(0,((CEILING((ServiceTarget)*(Arr_M*(1+0.5*Acuity_M))/Cap_Doc,1)+CEILING((ServiceTarget)*(Arr_E*(1+0.5*Acuity_E))/Cap_Doc,1)+CEILING((ServiceTarget)*(Arr_N*(1+0.5*Acuity_N))/Cap_Doc,1)))-Avail_Doc-(0.15)*MIN((CEILING((ServiceTarget)*(Arr_M*(1+0.5*Acuity_M))/Cap_Doc,1)+CEILING((ServiceTarget)*(Arr_E*(1+0.5*Acuity_E))/Cap_Doc,1)+CEILING((ServiceTarget)*(Arr_N*(1+0.5*Acuity_N))/Cap_Doc,1)),Avail_Doc)))*Cap_Doc+(MAX(0,((CEILING((ServiceTarget)*(Arr_M)/Cap_Nurse,1)+CEILING((ServiceTarget)*(Arr_E)/Cap_Nurse,1)+CEILING((ServiceTarget)*(Arr_N)/Cap_Nurse,1)))-Avail_Nurse-(0.15)*MIN((CEILING((ServiceTarget)*(Arr_M)/Cap_Nurse,1)+CEILING((ServiceTarget)*(Arr_E)/Cap_Nurse,1)+CEILING((ServiceTarget)*(Arr_N)/Cap_Nurse,1)),Avail_Nurse)))*Cap_Nurse+(MAX(0,((CEILING((ServiceTarget)*(Arr_M)/Cap_Tech,1)+CEILING((ServiceTarget)*(Arr_E)/Cap_Tech,1)+CEILING((ServiceTarget)*(Arr_N)/Cap_Tech,1)))-Avail_Tech-(0.15)*MIN((CEILING((ServiceTarget)*(Arr_M)/Cap_Tech,1)+CEILING((ServiceTarget)*(Arr_E)/Cap_Tech,1)+CEILING((ServiceTarget)*(Arr_N)/Cap_Tech,1)),Avail_Tech)))*Cap_Tech+(MAX(0,(ServiceTarget)*Arr_M-(BedsAdded+BedsCurrent)*ShiftHours/BedHr_M)+MAX(0,(ServiceTarget)*Arr_E-(BedsAdded+BedsCurrent)*ShiftHours/BedHr_E)+MAX(0,(ServiceTarget)*Arr_N-(BedsAdded+BedsCurrent)*ShiftHours/BedHr_N))+(MAX(0,(ServiceTarget)*Arr_M*Acuity_M-(ImgBase+(ImgExpOn)*ImgExpAdd))+MAX(0,(ServiceTarget)*Arr_E*Acuity_E-(ImgBase+(ImgExpOn)*ImgExpAdd))+MAX(0,(ServiceTarget)*Arr_N*Acuity_N-(ImgBase+(ImgExpOn)*ImgExpAdd)))+(MAX(0,(ServiceTarget)*Arr_M-(LabBase+(LabExpOn)*LabExpAdd))+MAX(0,(ServiceTarget)*Arr_E-(LabBase+(LabExpOn)*LabExpAdd))+MAX(0,(ServiceTarget)*Arr_N-(LabBase+(LabExpOn)*LabExpAdd))))/(Arr_M+Arr_E+Arr_N) -> 0.91037037 | D15: =(MAX(0,((CEILING((ServiceTarget)*(Arr_M*(1+0.5*Acuity_M))/Cap_Doc,1)+CEILING((ServiceTarget)*(Arr_E*(1+0.5*Acuity_E))/Cap_Doc,1)+CEILING((ServiceTarget)*(Arr_N*(1+0.5*Acuity_N))/Cap_Doc,1)))-Avail_Doc-(0.15)*MIN((CEILING((ServiceTarget)*(Arr_M*(1+0.5*Acuity_M))/Cap_Doc,1)+CEILING((ServiceTarget)*(Arr_E*(1+0.5*Acuity_E))/Cap_Doc,1)+CEILING((ServiceTarget)*(Arr_N*(1+0.5*Acuity_N))/Cap_Doc,1)),Avail_Doc)))*Cap_Doc+(MAX(0,((CEILING((ServiceTarget)*(Arr_M)/Cap_Nurse,1)+CEILING((ServiceTarget)*(Arr_E)/Cap_Nurse,1)+CEILING((ServiceTarget)*(Arr_N)/Cap_Nurse,1)))-Avail_Nurse-(0.15)*MIN((CEILING((ServiceTarget)*(Arr_M)/Cap_Nurse,1)+CEILING((ServiceTarget)*(Arr_E)/Cap_Nurse,1)+CEILING((ServiceTarget)*(Arr_N)/Cap_Nurse,1)),Avail_Nurse)))*Cap_Nurse+(MAX(0,((CEILING((ServiceTarget)*(Arr_M)/Cap_Tech,1)+CEILING((ServiceTarget)*(Arr_E)/Cap_Tech,1)+CEILING((ServiceTarget)*(Arr_N)/Cap_Tech,1)))-Avail_Tech-(0.15)*MIN((CEILING((ServiceTarget)*(Arr_M)/Cap_Tech,1)+CEILING((ServiceTarget)*(Arr_E)/Cap_Tech,1)+CEILING((ServiceTarget)*(Arr_N)/Cap_Tech,1)),Avail_Tech)))*Cap_Tech+(MAX(0,(ServiceTarget)*Arr_M-(BedsAdded+BedsCurrent)*ShiftHours/BedHr_M)+MAX(0,(ServiceTarget)*Arr_E-(BedsAdded+BedsCurrent)*ShiftHours/BedHr_E)+MAX(0,(ServiceTarget)*Arr_N-(BedsAdded+BedsCurrent)*ShiftHours/BedHr_N))+(MAX(0,(ServiceTarget)*Arr_M*Acuity_M-(ImgBase+(ImgExpOn)*ImgExpAdd))+MAX(0,(ServiceTarget)*Arr_E*Acuity_E-(ImgBase+(ImgExpOn)*ImgExpAdd))+MAX(0,(ServiceTarget)*Arr_N*Acuity_N-(ImgBase+(ImgExpOn)*ImgExpAdd)))+(MAX(0,(ServiceTarget)*Arr_M-(LabBase+(LabExpOn)*LabExpAdd))+MAX(0,(ServiceTarget)*Arr_E-(LabBase+(LabExpOn)*LabExpAdd))+MAX(0,(ServiceTarget)*Arr_N-(LabBase+(LabExpOn)*LabExpAdd))) -> 24.2 | E15: =B15-B20 -> 0
A16: 0.2 | B16: =((MIN((CEILING((ServiceTarget)*(Arr_M*(1+0.5*Acuity_M))/Cap_Doc,1)+CEILING((ServiceTarget)*(Arr_E*(1+0.5*Acuity_E))/Cap_Doc,1)+CEILING((ServiceTarget)*(Arr_N*(1+0.5*Acuity_N))/Cap_Doc,1)),Avail_Doc))*RegCost_Doc+(MIN(MAX((CEILING((ServiceTarget)*(Arr_M*(1+0.5*Acuity_M))/Cap_Doc,1)+CEILING((ServiceTarget)*(Arr_E*(1+0.5*Acuity_E))/Cap_Doc,1)+CEILING((ServiceTarget)*(Arr_N*(1+0.5*Acuity_N))/Cap_Doc,1))-Avail_Doc,0),(0.2)*MIN((CEILING((ServiceTarget)*(Arr_M*(1+0.5*Acuity_M))/Cap_Doc,1)+CEILING((ServiceTarget)*(Arr_E*(1+0.5*Acuity_E))/Cap_Doc,1)+CEILING((ServiceTarget)*(Arr_N*(1+0.5*Acuity_N))/Cap_Doc,1)),Avail_Doc)))*OTCost_Doc+(MIN((CEILING((ServiceTarget)*(Arr_M)/Cap_Nurse,1)+CEILING((ServiceTarget)*(Arr_E)/Cap_Nurse,1)+CEILING((ServiceTarget)*(Arr_N)/Cap_Nurse,1)),Avail_Nurse))*RegCost_Nurse+(MIN(MAX((CEILING((ServiceTarget)*(Arr_M)/Cap_Nurse,1)+CEILING((ServiceTarget)*(Arr_E)/Cap_Nurse,1)+CEILING((ServiceTarget)*(Arr_N)/Cap_Nurse,1))-Avail_Nurse,0),(0.2)*MIN((CEILING((ServiceTarget)*(Arr_M)/Cap_Nurse,1)+CEILING((ServiceTarget)*(Arr_E)/Cap_Nurse,1)+CEILING((ServiceTarget)*(Arr_N)/Cap_Nurse,1)),Avail_Nurse)))*OTCost_Nurse+(MIN((CEILING((ServiceTarget)*(Arr_M)/Cap_Tech,1)+CEILING((ServiceTarget)*(Arr_E)/Cap_Tech,1)+CEILING((ServiceTarget)*(Arr_N)/Cap_Tech,1)),Avail_Tech))*RegCost_Tech+(MIN(MAX((CEILING((ServiceTarget)*(Arr_M)/Cap_Tech,1)+CEILING((ServiceTarget)*(Arr_E)/Cap_Tech,1)+CEILING((ServiceTarget)*(Arr_N)/Cap_Tech,1))-Avail_Tech,0),(0.2)*MIN((CEILING((ServiceTarget)*(Arr_M)/Cap_Tech,1)+CEILING((ServiceTarget)*(Arr_E)/Cap_Tech,1)+CEILING((ServiceTarget)*(Arr_N)/Cap_Tech,1)),Avail_Tech)))*OTCost_Tech)+((BedsAdded)*BedCostPerBed+(ImgExpOn)*ImgExpCost+(LabExpOn)*LabExpCost)+(((MAX(0,((CEILING((ServiceTarget)*(Arr_M*(1+0.5*Acuity_M))/Cap_Doc,1)+CEILING((ServiceTarget)*(Arr_E*(1+0.5*Acuity_E))/Cap_Doc,1)+CEILING((ServiceTarget)*(Arr_N*(1+0.5*Acuity_N))/Cap_Doc,1)))-Avail_Doc-(0.2)*MIN((CEILING((ServiceTarget)*(Arr_M*(1+0.5*Acuity_M))/Cap_Doc,1)+CEILING((ServiceTarget)*(Arr_E*(1+0.5*Acuity_E))/Cap_Doc,1)+CEILING((ServiceTarget)*(Arr_N*(1+0.5*Acuity_N))/Cap_Doc,1)),Avail_Doc)))*Cap_Doc+(MAX(0,((CEILING((ServiceTarget)*(Arr_M)/Cap_Nurse,1)+CEILING((ServiceTarget)*(Arr_E)/Cap_Nurse,1)+CEILING((ServiceTarget)*(Arr_N)/Cap_Nurse,1)))-Avail_Nurse-(0.2)*MIN((CEILING((ServiceTarget)*(Arr_M)/Cap_Nurse,1)+CEILING((ServiceTarget)*(Arr_E)/Cap_Nurse,1)+CEILING((ServiceTarget)*(Arr_N)/Cap_Nurse,1)),Avail_Nurse)))*Cap_Nurse+(MAX(0,((CEILING((ServiceTarget)*(Arr_M)/Cap_Tech,1)+CEILING((ServiceTarget)*(Arr_E)/Cap_Tech,1)+CEILING((ServiceTarget)*(Arr_N)/Cap_Tech,1)))-Avail_Tech-(0.2)*MIN((CEILING((ServiceTarget)*(Arr_M)/Cap_Tech,1)+CEILING((ServiceTarget)*(Arr_E)/Cap_Tech,1)+CEILING((ServiceTarget)*(Arr_N)/Cap_Tech,1)),Avail_Tech)))*Cap_Tech+(MAX(0,(ServiceTarget)*Arr_M-(BedsAdded+BedsCurrent)*ShiftHours/BedHr_M)+MAX(0,(ServiceTarget)*Arr_E-(BedsAdded+BedsCurrent)*ShiftHours/BedHr_E)+MAX(0,(ServiceTarget)*Arr_N-(BedsAdded+BedsCurrent)*ShiftHours/BedHr_N))+(MAX(0,(ServiceTarget)*Arr_M*Acuity_M-(ImgBase+(ImgExpOn)*ImgExpAdd))+MAX(0,(ServiceTarget)*Arr_E*Acuity_E-(ImgBase+(ImgExpOn)*ImgExpAdd))+MAX(0,(ServiceTarget)*Arr_N*Acuity_N-(ImgBase+(ImgExpOn)*ImgExpAdd)))+(MAX(0,(ServiceTarget)*Arr_M-(LabBase+(LabExpOn)*LabExpAdd))+MAX(0,(ServiceTarget)*Arr_E-(LabBase+(LabExpOn)*LabExpAdd))+MAX(0,(ServiceTarget)*Arr_N-(LabBase+(LabExpOn)*LabExpAdd))))*(PenUncovered*(1-DivertShare)+PenDiverted*DivertShare)) -> 466610 | C16: =1-((MAX(0,((CEILING((ServiceTarget)*(Arr_M*(1+0.5*Acuity_M))/Cap_Doc,1)+CEILING((ServiceTarget)*(Arr_E*(1+0.5*Acuity_E))/Cap_Doc,1)+CEILING((ServiceTarget)*(Arr_N*(1+0.5*Acuity_N))/Cap_Doc,1)))-Avail_Doc-(0.2)*MIN((CEILING((ServiceTarget)*(Arr_M*(1+0.5*Acuity_M))/Cap_Doc,1)+CEILING((ServiceTarget)*(Arr_E*(1+0.5*Acuity_E))/Cap_Doc,1)+CEILING((ServiceTarget)*(Arr_N*(1+0.5*Acuity_N))/Cap_Doc,1)),Avail_Doc)))*Cap_Doc+(MAX(0,((CEILING((ServiceTarget)*(Arr_M)/Cap_Nurse,1)+CEILING((ServiceTarget)*(Arr_E)/Cap_Nurse,1)+CEILING((ServiceTarget)*(Arr_N)/Cap_Nurse,1)))-Avail_Nurse-(0.2)*MIN((CEILING((ServiceTarget)*(Arr_M)/Cap_Nurse,1)+CEILING((ServiceTarget)*(Arr_E)/Cap_Nurse,1)+CEILING((ServiceTarget)*(Arr_N)/Cap_Nurse,1)),Avail_Nurse)))*Cap_Nurse+(MAX(0,((CEILING((ServiceTarget)*(Arr_M)/Cap_Tech,1)+CEILING((ServiceTarget)*(Arr_E)/Cap_Tech,1)+CEILING((ServiceTarget)*(Arr_N)/Cap_Tech,1)))-Avail_Tech-(0.2)*MIN((CEILING((ServiceTarget)*(Arr_M)/Cap_Tech,1)+CEILING((ServiceTarget)*(Arr_E)/Cap_Tech,1)+CEILING((ServiceTarget)*(Arr_N)/Cap_Tech,1)),Avail_Tech)))*Cap_Tech+(MAX(0,(ServiceTarget)*Arr_M-(BedsAdded+BedsCurrent)*ShiftHours/BedHr_M)+MAX(0,(ServiceTarget)*Arr_E-(BedsAdded+BedsCurrent)*ShiftHours/BedHr_E)+MAX(0,(ServiceTarget)*Arr_N-(BedsAdded+BedsCurrent)*ShiftHours/BedHr_N))+(MAX(0,(ServiceTarget)*Arr_M*Acuity_M-(ImgBase+(ImgExpOn)*ImgExpAdd))+MAX(0,(ServiceTarget)*Arr_E*Acuity_E-(ImgBase+(ImgExpOn)*ImgExpAdd))+MAX(0,(ServiceTarget)*Arr_N*Acuity_N-(ImgBase+(ImgExpOn)*ImgExpAdd)))+(MAX(0,(ServiceTarget)*Arr_M-(LabBase+(LabExpOn)*LabExpAdd))+MAX(0,(ServiceTarget)*Arr_E-(LabBase+(LabExpOn)*LabExpAdd))+MAX(0,(ServiceTarget)*Arr_N-(LabBase+(LabExpOn)*LabExpAdd))))/(Arr_M+Arr_E+Arr_N) -> 0.91037037 | D16: =(MAX(0,((CEILING((ServiceTarget)*(Arr_M*(1+0.5*Acuity_M))/Cap_Doc,1)+CEILING((ServiceTarget)*(Arr_E*(1+0.5*Acuity_E))/Cap_Doc,1)+CEILING((ServiceTarget)*(Arr_N*(1+0.5*Acuity_N))/Cap_Doc,1)))-Avail_Doc-(0.2)*MIN((CEILING((ServiceTarget)*(Arr_M*(1+0.5*Acuity_M))/Cap_Doc,1)+CEILING((ServiceTarget)*(Arr_E*(1+0.5*Acuity_E))/Cap_Doc,1)+CEILING((ServiceTarget)*(Arr_N*(1+0.5*Acuity_N))/Cap_Doc,1)),Avail_Doc)))*Cap_Doc+(MAX(0,((CEILING((ServiceTarget)*(Arr_M)/Cap_Nurse,1)+CEILING((ServiceTarget)*(Arr_E)/Cap_Nurse,1)+CEILING((ServiceTarget)*(Arr_N)/Cap_Nurse,1)))-Avail_Nurse-(0.2)*MIN((CEILING((ServiceTarget)*(Arr_M)/Cap_Nurse,1)+CEILING((ServiceTarget)*(Arr_E)/Cap_Nurse,1)+CEILING((ServiceTarget)*(Arr_N)/Cap_Nurse,1)),Avail_Nurse)))*Cap_Nurse+(MAX(0,((CEILING((ServiceTarget)*(Arr_M)/Cap_Tech,1)+CEILING((ServiceTarget)*(Arr_E)/Cap_Tech,1)+CEILING((ServiceTarget)*(Arr_N)/Cap_Tech,1)))-Avail_Tech-(0.2)*MIN((CEILING((ServiceTarget)*(Arr_M)/Cap_Tech,1)+CEILING((ServiceTarget)*(Arr_E)/Cap_Tech,1)+CEILING((ServiceTarget)*(Arr_N)/Cap_Tech,1)),Avail_Tech)))*Cap_Tech+(MAX(0,(ServiceTarget)*Arr_M-(BedsAdded+BedsCurrent)*ShiftHours/BedHr_M)+MAX(0,(ServiceTarget)*Arr_E-(BedsAdded+BedsCurrent)*ShiftHours/BedHr_E)+MAX(0,(ServiceTarget)*Arr_N-(BedsAdded+BedsCurrent)*ShiftHours/BedHr_N))+(MAX(0,(ServiceTarget)*Arr_M*Acuity_M-(ImgBase+(ImgExpOn)*ImgExpAdd))+MAX(0,(ServiceTarget)*Arr_E*Acuity_E-(ImgBase+(ImgExpOn)*ImgExpAdd))+MAX(0,(ServiceTarget)*Arr_N*Acuity_N-(ImgBase+(ImgExpOn)*ImgExpAdd)))+(MAX(0,(ServiceTarget)*Arr_M-(LabBase+(LabExpOn)*LabExpAdd))+MAX(0,(ServiceTarget)*Arr_E-(LabBase+(LabExpOn)*LabExpAdd))+MAX(0,(ServiceTarget)*Arr_N-(LabBase+(LabExpOn)*LabExpAdd))) -> 24.2 | E16: =B16-B20 -> 0
A17: 0.25 | B17: =((MIN((CEILING((ServiceTarget)*(Arr_M*(1+0.5*Acuity_M))/Cap_Doc,1)+CEILING((ServiceTarget)*(Arr_E*(1+0.5*Acuity_E))/Cap_Doc,1)+CEILING((ServiceTarget)*(Arr_N*(1+0.5*Acuity_N))/Cap_Doc,1)),Avail_Doc))*RegCost_Doc+(MIN(MAX((CEILING((ServiceTarget)*(Arr_M*(1+0.5*Acuity_M))/Cap_Doc,1)+CEILING((ServiceTarget)*(Arr_E*(1+0.5*Acuity_E))/Cap_Doc,1)+CEILING((ServiceTarget)*(Arr_N*(1+0.5*Acuity_N))/Cap_Doc,1))-Avail_Doc,0),(0.25)*MIN((CEILING((ServiceTarget)*(Arr_M*(1+0.5*Acuity_M))/Cap_Doc,1)+CEILING((ServiceTarget)*(Arr_E*(1+0.5*Acuity_E))/Cap_Doc,1)+CEILING((ServiceTarget)*(Arr_N*(1+0.5*Acuity_N))/Cap_Doc,1)),Avail_Doc)))*OTCost_Doc+(MIN((CEILING((ServiceTarget)*(Arr_M)/Cap_Nurse,1)+CEILING((ServiceTarget)*(Arr_E)/Cap_Nurse,1)+CEILING((ServiceTarget)*(Arr_N)/Cap_Nurse,1)),Avail_Nurse))*RegCost_Nurse+(MIN(MAX((CEILING((ServiceTarget)*(Arr_M)/Cap_Nurse,1)+CEILING((ServiceTarget)*(Arr_E)/Cap_Nurse,1)+CEILING((ServiceTarget)*(Arr_N)/Cap_Nurse,1))-Avail_Nurse,0),(0.25)*MIN((CEILING((ServiceTarget)*(Arr_M)/Cap_Nurse,1)+CEILING((ServiceTarget)*(Arr_E)/Cap_Nurse,1)+CEILING((ServiceTarget)*(Arr_N)/Cap_Nurse,1)),Avail_Nurse)))*OTCost_Nurse+(MIN((CEILING((ServiceTarget)*(Arr_M)/Cap_Tech,1)+CEILING((ServiceTarget)*(Arr_E)/Cap_Tech,1)+CEILING((ServiceTarget)*(Arr_N)/Cap_Tech,1)),Avail_Tech))*RegCost_Tech+(MIN(MAX((CEILING((ServiceTarget)*(Arr_M)/Cap_Tech,1)+CEILING((ServiceTarget)*(Arr_E)/Cap_Tech,1)+CEILING((ServiceTarget)*(Arr_N)/Cap_Tech,1))-Avail_Tech,0),(0.25)*MIN((CEILING((ServiceTarget)*(Arr_M)/Cap_Tech,1)+CEILING((ServiceTarget)*(Arr_E)/Cap_Tech,1)+CEILING((ServiceTarget)*(Arr_N)/Cap_Tech,1)),Avail_Tech)))*OTCost_Tech)+((BedsAdded)*BedCostPerBed+(ImgExpOn)*ImgExpCost+(LabExpOn)*LabExpCost)+(((MAX(0,((CEILING((ServiceTarget)*(Arr_M*(1+0.5*Acuity_M))/Cap_Doc,1)+CEILING((ServiceTarget)*(Arr_E*(1+0.5*Acuity_E))/Cap_Doc,1)+CEILING((ServiceTarget)*(Arr_N*(1+0.5*Acuity_N))/Cap_Doc,1)))-Avail_Doc-(0.25)*MIN((CEILING((ServiceTarget)*(Arr_M*(1+0.5*Acuity_M))/Cap_Doc,1)+CEILING((ServiceTarget)*(Arr_E*(1+0.5*Acuity_E))/Cap_Doc,1)+CEILING((ServiceTarget)*(Arr_N*(1+0.5*Acuity_N))/Cap_Doc,1)),Avail_Doc)))*Cap_Doc+(MAX(0,((CEILING((ServiceTarget)*(Arr_M)/Cap_Nurse,1)+CEILING((ServiceTarget)*(Arr_E)/Cap_Nurse,1)+CEILING((ServiceTarget)*(Arr_N)/Cap_Nurse,1)))-Avail_Nurse-(0.25)*MIN((CEILING((ServiceTarget)*(Arr_M)/Cap_Nurse,1)+CEILING((ServiceTarget)*(Arr_E)/Cap_Nurse,1)+CEILING((ServiceTarget)*(Arr_N)/Cap_Nurse,1)),Avail_Nurse)))*Cap_Nurse+(MAX(0,((CEILING((ServiceTarget)*(Arr_M)/Cap_Tech,1)+CEILING((ServiceTarget)*(Arr_E)/Cap_Tech,1)+CEILING((ServiceTarget)*(Arr_N)/Cap_Tech,1)))-Avail_Tech-(0.25)*MIN((CEILING((ServiceTarget)*(Arr_M)/Cap_Tech,1)+CEILING((ServiceTarget)*(Arr_E)/Cap_Tech,1)+CEILING((ServiceTarget)*(Arr_N)/Cap_Tech,1)),Avail_Tech)))*Cap_Tech+(MAX(0,(ServiceTarget)*Arr_M-(BedsAdded+BedsCurrent)*ShiftHours/BedHr_M)+MAX(0,(ServiceTarget)*Arr_E-(BedsAdded+BedsCurrent)*ShiftHours/BedHr_E)+MAX(0,(ServiceTarget)*Arr_N-(BedsAdded+BedsCurrent)*ShiftHours/BedHr_N))+(MAX(0,(ServiceTarget)*Arr_M*Acuity_M-(ImgBase+(ImgExpOn)*ImgExpAdd))+MAX(0,(ServiceTarget)*Arr_E*Acuity_E-(ImgBase+(ImgExpOn)*ImgExpAdd))+MAX(0,(ServiceTarget)*Arr_N*Acuity_N-(ImgBase+(ImgExpOn)*ImgExpAdd)))+(MAX(0,(ServiceTarget)*Arr_M-(LabBase+(LabExpOn)*LabExpAdd))+MAX(0,(ServiceTarget)*Arr_E-(LabBase+(LabExpOn)*LabExpAdd))+MAX(0,(ServiceTarget)*Arr_N-(LabBase+(LabExpOn)*LabExpAdd))))*(PenUncovered*(1-DivertShare)+PenDiverted*DivertShare)) -> 466610 | C17: =1-((MAX(0,((CEILING((ServiceTarget)*(Arr_M*(1+0.5*Acuity_M))/Cap_Doc,1)+CEILING((ServiceTarget)*(Arr_E*(1+0.5*Acuity_E))/Cap_Doc,1)+CEILING((ServiceTarget)*(Arr_N*(1+0.5*Acuity_N))/Cap_Doc,1)))-Avail_Doc-(0.25)*MIN((CEILING((ServiceTarget)*(Arr_M*(1+0.5*Acuity_M))/Cap_Doc,1)+CEILING((ServiceTarget)*(Arr_E*(1+0.5*Acuity_E))/Cap_Doc,1)+CEILING((ServiceTarget)*(Arr_N*(1+0.5*Acuity_N))/Cap_Doc,1)),Avail_Doc)))*Cap_Doc+(MAX(0,((CEILING((ServiceTarget)*(Arr_M)/Cap_Nurse,1)+CEILING((ServiceTarget)*(Arr_E)/Cap_Nurse,1)+CEILING((ServiceTarget)*(Arr_N)/Cap_Nurse,1)))-Avail_Nurse-(0.25)*MIN((CEILING((ServiceTarget)*(Arr_M)/Cap_Nurse,1)+CEILING((ServiceTarget)*(Arr_E)/Cap_Nurse,1)+CEILING((ServiceTarget)*(Arr_N)/Cap_Nurse,1)),Avail_Nurse)))*Cap_Nurse+(MAX(0,((CEILING((ServiceTarget)*(Arr_M)/Cap_Tech,1)+CEILING((ServiceTarget)*(Arr_E)/Cap_Tech,1)+CEILING((ServiceTarget)*(Arr_N)/Cap_Tech,1)))-Avail_Tech-(0.25)*MIN((CEILING((ServiceTarget)*(Arr_M)/Cap_Tech,1)+CEILING((ServiceTarget)*(Arr_E)/Cap_Tech,1)+CEILING((ServiceTarget)*(Arr_N)/Cap_Tech,1)),Avail_Tech)))*Cap_Tech+(MAX(0,(ServiceTarget)*Arr_M-(BedsAdded+BedsCurrent)*ShiftHours/BedHr_M)+MAX(0,(ServiceTarget)*Arr_E-(BedsAdded+BedsCurrent)*ShiftHours/BedHr_E)+MAX(0,(ServiceTarget)*Arr_N-(BedsAdded+BedsCurrent)*ShiftHours/BedHr_N))+(MAX(0,(ServiceTarget)*Arr_M*Acuity_M-(ImgBase+(ImgExpOn)*ImgExpAdd))+MAX(0,(ServiceTarget)*Arr_E*Acuity_E-(ImgBase+(ImgExpOn)*ImgExpAdd))+MAX(0,(ServiceTarget)*Arr_N*Acuity_N-(ImgBase+(ImgExpOn)*ImgExpAdd)))+(MAX(0,(ServiceTarget)*Arr_M-(LabBase+(LabExpOn)*LabExpAdd))+MAX(0,(ServiceTarget)*Arr_E-(LabBase+(LabExpOn)*LabExpAdd))+MAX(0,(ServiceTarget)*Arr_N-(LabBase+(LabExpOn)*LabExpAdd))))/(Arr_M+Arr_E+Arr_N) -> 0.91037037 | D17: =(MAX(0,((CEILING((ServiceTarget)*(Arr_M*(1+0.5*Acuity_M))/Cap_Doc,1)+CEILING((ServiceTarget)*(Arr_E*(1+0.5*Acuity_E))/Cap_Doc,1)+CEILING((ServiceTarget)*(Arr_N*(1+0.5*Acuity_N))/Cap_Doc,1)))-Avail_Doc-(0.25)*MIN((CEILING((ServiceTarget)*(Arr_M*(1+0.5*Acuity_M))/Cap_Doc,1)+CEILING((ServiceTarget)*(Arr_E*(1+0.5*Acuity_E))/Cap_Doc,1)+CEILING((ServiceTarget)*(Arr_N*(1+0.5*Acuity_N))/Cap_Doc,1)),Avail_Doc)))*Cap_Doc+(MAX(0,((CEILING((ServiceTarget)*(Arr_M)/Cap_Nurse,1)+CEILING((ServiceTarget)*(Arr_E)/Cap_Nurse,1)+CEILING((ServiceTarget)*(Arr_N)/Cap_Nurse,1)))-Avail_Nurse-(0.25)*MIN((CEILING((ServiceTarget)*(Arr_M)/Cap_Nurse,1)+CEILING((ServiceTarget)*(Arr_E)/Cap_Nurse,1)+CEILING((ServiceTarget)*(Arr_N)/Cap_Nurse,1)),Avail_Nurse)))*Cap_Nurse+(MAX(0,((CEILING((ServiceTarget)*(Arr_M)/Cap_Tech,1)+CEILING((ServiceTarget)*(Arr_E)/Cap_Tech,1)+CEILING((ServiceTarget)*(Arr_N)/Cap_Tech,1)))-Avail_Tech-(0.25)*MIN((CEILING((ServiceTarget)*(Arr_M)/Cap_Tech,1)+CEILING((ServiceTarget)*(Arr_E)/Cap_Tech,1)+CEILING((ServiceTarget)*(Arr_N)/Cap_Tech,1)),Avail_Tech)))*Cap_Tech+(MAX(0,(ServiceTarget)*Arr_M-(BedsAdded+BedsCurrent)*ShiftHours/BedHr_M)+MAX(0,(ServiceTarget)*Arr_E-(BedsAdded+BedsCurrent)*ShiftHours/BedHr_E)+MAX(0,(ServiceTarget)*Arr_N-(BedsAdded+BedsCurrent)*ShiftHours/BedHr_N))+(MAX(0,(ServiceTarget)*Arr_M*Acuity_M-(ImgBase+(ImgExpOn)*ImgExpAdd))+MAX(0,(ServiceTarget)*Arr_E*Acuity_E-(ImgBase+(ImgExpOn)*ImgExpAdd))+MAX(0,(ServiceTarget)*Arr_N*Acuity_N-(ImgBase+(ImgExpOn)*ImgExpAdd)))+(MAX(0,(ServiceTarget)*Arr_M-(LabBase+(LabExpOn)*LabExpAdd))+MAX(0,(ServiceTarget)*Arr_E-(LabBase+(LabExpOn)*LabExpAdd))+MAX(0,(ServiceTarget)*Arr_N-(LabBase+(LabExpOn)*LabExpAdd))) -> 24.2 | E17: =B17-B20 -> 0
A18: 0.3 | B18: =((MIN((CEILING((ServiceTarget)*(Arr_M*(1+0.5*Acuity_M))/Cap_Doc,1)+CEILING((ServiceTarget)*(Arr_E*(1+0.5*Acuity_E))/Cap_Doc,1)+CEILING((ServiceTarget)*(Arr_N*(1+0.5*Acuity_N))/Cap_Doc,1)),Avail_Doc))*RegCost_Doc+(MIN(MAX((CEILING((ServiceTarget)*(Arr_M*(1+0.5*Acuity_M))/Cap_Doc,1)+CEILING((ServiceTarget)*(Arr_E*(1+0.5*Acuity_E))/Cap_Doc,1)+CEILING((ServiceTarget)*(Arr_N*(1+0.5*Acuity_N))/Cap_Doc,1))-Avail_Doc,0),(0.3)*MIN((CEILING((ServiceTarget)*(Arr_M*(1+0.5*Acuity_M))/Cap_Doc,1)+CEILING((ServiceTarget)*(Arr_E*(1+0.5*Acuity_E))/Cap_Doc,1)+CEILING((ServiceTarget)*(Arr_N*(1+0.5*Acuity_N))/Cap_Doc,1)),Avail_Doc)))*OTCost_Doc+(MIN((CEILING((ServiceTarget)*(Arr_M)/Cap_Nurse,1)+CEILING((ServiceTarget)*(Arr_E)/Cap_Nurse,1)+CEILING((ServiceTarget)*(Arr_N)/Cap_Nurse,1)),Avail_Nurse))*RegCost_Nurse+(MIN(MAX((CEILING((ServiceTarget)*(Arr_M)/Cap_Nurse,1)+CEILING((ServiceTarget)*(Arr_E)/Cap_Nurse,1)+CEILING((ServiceTarget)*(Arr_N)/Cap_Nurse,1))-Avail_Nurse,0),(0.3)*MIN((CEILING((ServiceTarget)*(Arr_M)/Cap_Nurse,1)+CEILING((ServiceTarget)*(Arr_E)/Cap_Nurse,1)+CEILING((ServiceTarget)*(Arr_N)/Cap_Nurse,1)),Avail_Nurse)))*OTCost_Nurse+(MIN((CEILING((ServiceTarget)*(Arr_M)/Cap_Tech,1)+CEILING((ServiceTarget)*(Arr_E)/Cap_Tech,1)+CEILING((ServiceTarget)*(Arr_N)/Cap_Tech,1)),Avail_Tech))*RegCost_Tech+(MIN(MAX((CEILING((ServiceTarget)*(Arr_M)/Cap_Tech,1)+CEILING((ServiceTarget)*(Arr_E)/Cap_Tech,1)+CEILING((ServiceTarget)*(Arr_N)/Cap_Tech,1))-Avail_Tech,0),(0.3)*MIN((CEILING((ServiceTarget)*(Arr_M)/Cap_Tech,1)+CEILING((ServiceTarget)*(Arr_E)/Cap_Tech,1)+CEILING((ServiceTarget)*(Arr_N)/Cap_Tech,1)),Avail_Tech)))*OTCost_Tech)+((BedsAdded)*BedCostPerBed+(ImgExpOn)*ImgExpCost+(LabExpOn)*LabExpCost)+(((MAX(0,((CEILING((ServiceTarget)*(Arr_M*(1+0.5*Acuity_M))/Cap_Doc,1)+CEILING((ServiceTarget)*(Arr_E*(1+0.5*Acuity_E))/Cap_Doc,1)+CEILING((ServiceTarget)*(Arr_N*(1+0.5*Acuity_N))/Cap_Doc,1)))-Avail_Doc-(0.3)*MIN((CEILING((ServiceTarget)*(Arr_M*(1+0.5*Acuity_M))/Cap_Doc,1)+CEILING((ServiceTarget)*(Arr_E*(1+0.5*Acuity_E))/Cap_Doc,1)+CEILING((ServiceTarget)*(Arr_N*(1+0.5*Acuity_N))/Cap_Doc,1)),Avail_Doc)))*Cap_Doc+(MAX(0,((CEILING((ServiceTarget)*(Arr_M)/Cap_Nurse,1)+CEILING((ServiceTarget)*(Arr_E)/Cap_Nurse,1)+CEILING((ServiceTarget)*(Arr_N)/Cap_Nurse,1)))-Avail_Nurse-(0.3)*MIN((CEILING((ServiceTarget)*(Arr_M)/Cap_Nurse,1)+CEILING((ServiceTarget)*(Arr_E)/Cap_Nurse,1)+CEILING((ServiceTarget)*(Arr_N)/Cap_Nurse,1)),Avail_Nurse)))*Cap_Nurse+(MAX(0,((CEILING((ServiceTarget)*(Arr_M)/Cap_Tech,1)+CEILING((ServiceTarget)*(Arr_E)/Cap_Tech,1)+CEILING((ServiceTarget)*(Arr_N)/Cap_Tech,1)))-Avail_Tech-(0.3)*MIN((CEILING((ServiceTarget)*(Arr_M)/Cap_Tech,1)+CEILING((ServiceTarget)*(Arr_E)/Cap_Tech,1)+CEILING((ServiceTarget)*(Arr_N)/Cap_Tech,1)),Avail_Tech)))*Cap_Tech+(MAX(0,(ServiceTarget)*Arr_M-(BedsAdded+BedsCurrent)*ShiftHours/BedHr_M)+MAX(0,(ServiceTarget)*Arr_E-(BedsAdded+BedsCurrent)*ShiftHours/BedHr_E)+MAX(0,(ServiceTarget)*Arr_N-(BedsAdded+BedsCurrent)*ShiftHours/BedHr_N))+(MAX(0,(ServiceTarget)*Arr_M*Acuity_M-(ImgBase+(ImgExpOn)*ImgExpAdd))+MAX(0,(ServiceTarget)*Arr_E*Acuity_E-(ImgBase+(ImgExpOn)*ImgExpAdd))+MAX(0,(ServiceTarget)*Arr_N*Acuity_N-(ImgBase+(ImgExpOn)*ImgExpAdd)))+(MAX(0,(ServiceTarget)*Arr_M-(LabBase+(LabExpOn)*LabExpAdd))+MAX(0,(ServiceTarget)*Arr_E-(LabBase+(LabExpOn)*LabExpAdd))+MAX(0,(ServiceTarget)*Arr_N-(LabBase+(LabExpOn)*LabExpAdd))))*(PenUncovered*(1-DivertShare)+PenDiverted*DivertShare)) -> 466610 | C18: =1-((MAX(0,((CEILING((ServiceTarget)*(Arr_M*(1+0.5*Acuity_M))/Cap_Doc,1)+CEILING((ServiceTarget)*(Arr_E*(1+0.5*Acuity_E))/Cap_Doc,1)+CEILING((ServiceTarget)*(Arr_N*(1+0.5*Acuity_N))/Cap_Doc,1)))-Avail_Doc-(0.3)*MIN((CEILING((ServiceTarget)*(Arr_M*(1+0.5*Acuity_M))/Cap_Doc,1)+CEILING((ServiceTarget)*(Arr_E*(1+0.5*Acuity_E))/Cap_Doc,1)+CEILING((ServiceTarget)*(Arr_N*(1+0.5*Acuity_N))/Cap_Doc,1)),Avail_Doc)))*Cap_Doc+(MAX(0,((CEILING((ServiceTarget)*(Arr_M)/Cap_Nurse,1)+CEILING((ServiceTarget)*(Arr_E)/Cap_Nurse,1)+CEILING((ServiceTarget)*(Arr_N)/Cap_Nurse,1)))-Avail_Nurse-(0.3)*MIN((CEILING((ServiceTarget)*(Arr_M)/Cap_Nurse,1)+CEILING((ServiceTarget)*(Arr_E)/Cap_Nurse,1)+CEILING((ServiceTarget)*(Arr_N)/Cap_Nurse,1)),Avail_Nurse)))*Cap_Nurse+(MAX(0,((CEILING((ServiceTarget)*(Arr_M)/Cap_Tech,1)+CEILING((ServiceTarget)*(Arr_E)/Cap_Tech,1)+CEILING((ServiceTarget)*(Arr_N)/Cap_Tech,1)))-Avail_Tech-(0.3)*MIN((CEILING((ServiceTarget)*(Arr_M)/Cap_Tech,1)+CEILING((ServiceTarget)*(Arr_E)/Cap_Tech,1)+CEILING((ServiceTarget)*(Arr_N)/Cap_Tech,1)),Avail_Tech)))*Cap_Tech+(MAX(0,(ServiceTarget)*Arr_M-(BedsAdded+BedsCurrent)*ShiftHours/BedHr_M)+MAX(0,(ServiceTarget)*Arr_E-(BedsAdded+BedsCurrent)*ShiftHours/BedHr_E)+MAX(0,(ServiceTarget)*Arr_N-(BedsAdded+BedsCurrent)*ShiftHours/BedHr_N))+(MAX(0,(ServiceTarget)*Arr_M*Acuity_M-(ImgBase+(ImgExpOn)*ImgExpAdd))+MAX(0,(ServiceTarget)*Arr_E*Acuity_E-(ImgBase+(ImgExpOn)*ImgExpAdd))+MAX(0,(ServiceTarget)*Arr_N*Acuity_N-(ImgBase+(ImgExpOn)*ImgExpAdd)))+(MAX(0,(ServiceTarget)*Arr_M-(LabBase+(LabExpOn)*LabExpAdd))+MAX(0,(ServiceTarget)*Arr_E-(LabBase+(LabExpOn)*LabExpAdd))+MAX(0,(ServiceTarget)*Arr_N-(LabBase+(LabExpOn)*LabExpAdd))))/(Arr_M+Arr_E+Arr_N) -> 0.91037037 | D18: =(MAX(0,((CEILING((ServiceTarget)*(Arr_M*(1+0.5*Acuity_M))/Cap_Doc,1)+CEILING((ServiceTarget)*(Arr_E*(1+0.5*Acuity_E))/Cap_Doc,1)+CEILING((ServiceTarget)*(Arr_N*(1+0.5*Acuity_N))/Cap_Doc,1)))-Avail_Doc-(0.3)*MIN((CEILING((ServiceTarget)*(Arr_M*(1+0.5*Acuity_M))/Cap_Doc,1)+CEILING((ServiceTarget)*(Arr_E*(1+0.5*Acuity_E))/Cap_Doc,1)+CEILING((ServiceTarget)*(Arr_N*(1+0.5*Acuity_N))/Cap_Doc,1)),Avail_Doc)))*Cap_Doc+(MAX(0,((CEILING((ServiceTarget)*(Arr_M)/Cap_Nurse,1)+CEILING((ServiceTarget)*(Arr_E)/Cap_Nurse,1)+CEILING((ServiceTarget)*(Arr_N)/Cap_Nurse,1)))-Avail_Nurse-(0.3)*MIN((CEILING((ServiceTarget)*(Arr_M)/Cap_Nurse,1)+CEILING((ServiceTarget)*(Arr_E)/Cap_Nurse,1)+CEILING((ServiceTarget)*(Arr_N)/Cap_Nurse,1)),Avail_Nurse)))*Cap_Nurse+(MAX(0,((CEILING((ServiceTarget)*(Arr_M)/Cap_Tech,1)+CEILING((ServiceTarget)*(Arr_E)/Cap_Tech,1)+CEILING((ServiceTarget)*(Arr_N)/Cap_Tech,1)))-Avail_Tech-(0.3)*MIN((CEILING((ServiceTarget)*(Arr_M)/Cap_Tech,1)+CEILING((ServiceTarget)*(Arr_E)/Cap_Tech,1)+CEILING((ServiceTarget)*(Arr_N)/Cap_Tech,1)),Avail_Tech)))*Cap_Tech+(MAX(0,(ServiceTarget)*Arr_M-(BedsAdded+BedsCurrent)*ShiftHours/BedHr_M)+MAX(0,(ServiceTarget)*Arr_E-(BedsAdded+BedsCurrent)*ShiftHours/BedHr_E)+MAX(0,(ServiceTarget)*Arr_N-(BedsAdded+BedsCurrent)*ShiftHours/BedHr_N))+(MAX(0,(ServiceTarget)*Arr_M*Acuity_M-(ImgBase+(ImgExpOn)*ImgExpAdd))+MAX(0,(ServiceTarget)*Arr_E*Acuity_E-(ImgBase+(ImgExpOn)*ImgExpAdd))+MAX(0,(ServiceTarget)*Arr_N*Acuity_N-(ImgBase+(ImgExpOn)*ImgExpAdd)))+(MAX(0,(ServiceTarget)*Arr_M-(LabBase+(LabExpOn)*LabExpAdd))+MAX(0,(ServiceTarget)*Arr_E-(LabBase+(LabExpOn)*LabExpAdd))+MAX(0,(ServiceTarget)*Arr_N-(LabBase+(LabExpOn)*LabExpAdd))) -> 24.2 | E18: =B18-B20 -> 0
A19: 0.35 | B19: =((MIN((CEILING((ServiceTarget)*(Arr_M*(1+0.5*Acuity_M))/Cap_Doc,1)+CEILING((ServiceTarget)*(Arr_E*(1+0.5*Acuity_E))/Cap_Doc,1)+CEILING((ServiceTarget)*(Arr_N*(1+0.5*Acuity_N))/Cap_Doc,1)),Avail_Doc))*RegCost_Doc+(MIN(MAX((CEILING((ServiceTarget)*(Arr_M*(1+0.5*Acuity_M))/Cap_Doc,1)+CEILING((ServiceTarget)*(Arr_E*(1+0.5*Acuity_E))/Cap_Doc,1)+CEILING((ServiceTarget)*(Arr_N*(1+0.5*Acuity_N))/Cap_Doc,1))-Avail_Doc,0),(0.35)*MIN((CEILING((ServiceTarget)*(Arr_M*(1+0.5*Acuity_M))/Cap_Doc,1)+CEILING((ServiceTarget)*(Arr_E*(1+0.5*Acuity_E))/Cap_Doc,1)+CEILING((ServiceTarget)*(Arr_N*(1+0.5*Acuity_N))/Cap_Doc,1)),Avail_Doc)))*OTCost_Doc+(MIN((CEILING((ServiceTarget)*(Arr_M)/Cap_Nurse,1)+CEILING((ServiceTarget)*(Arr_E)/Cap_Nurse,1)+CEILING((ServiceTarget)*(Arr_N)/Cap_Nurse,1)),Avail_Nurse))*RegCost_Nurse+(MIN(MAX((CEILING((ServiceTarget)*(Arr_M)/Cap_Nurse,1)+CEILING((ServiceTarget)*(Arr_E)/Cap_Nurse,1)+CEILING((ServiceTarget)*(Arr_N)/Cap_Nurse,1))-Avail_Nurse,0),(0.35)*MIN((CEILING((ServiceTarget)*(Arr_M)/Cap_Nurse,1)+CEILING((ServiceTarget)*(Arr_E)/Cap_Nurse,1)+CEILING((ServiceTarget)*(Arr_N)/Cap_Nurse,1)),Avail_Nurse)))*OTCost_Nurse+(MIN((CEILING((ServiceTarget)*(Arr_M)/Cap_Tech,1)+CEILING((ServiceTarget)*(Arr_E)/Cap_Tech,1)+CEILING((ServiceTarget)*(Arr_N)/Cap_Tech,1)),Avail_Tech))*RegCost_Tech+(MIN(MAX((CEILING((ServiceTarget)*(Arr_M)/Cap_Tech,1)+CEILING((ServiceTarget)*(Arr_E)/Cap_Tech,1)+CEILING((ServiceTarget)*(Arr_N)/Cap_Tech,1))-Avail_Tech,0),(0.35)*MIN((CEILING((ServiceTarget)*(Arr_M)/Cap_Tech,1)+CEILING((ServiceTarget)*(Arr_E)/Cap_Tech,1)+CEILING((ServiceTarget)*(Arr_N)/Cap_Tech,1)),Avail_Tech)))*OTCost_Tech)+((BedsAdded)*BedCostPerBed+(ImgExpOn)*ImgExpCost+(LabExpOn)*LabExpCost)+(((MAX(0,((CEILING((ServiceTarget)*(Arr_M*(1+0.5*Acuity_M))/Cap_Doc,1)+CEILING((ServiceTarget)*(Arr_E*(1+0.5*Acuity_E))/Cap_Doc,1)+CEILING((ServiceTarget)*(Arr_N*(1+0.5*Acuity_N))/Cap_Doc,1)))-Avail_Doc-(0.35)*MIN((CEILING((ServiceTarget)*(Arr_M*(1+0.5*Acuity_M))/Cap_Doc,1)+CEILING((ServiceTarget)*(Arr_E*(1+0.5*Acuity_E))/Cap_Doc,1)+CEILING((ServiceTarget)*(Arr_N*(1+0.5*Acuity_N))/Cap_Doc,1)),Avail_Doc)))*Cap_Doc+(MAX(0,((CEILING((ServiceTarget)*(Arr_M)/Cap_Nurse,1)+CEILING((ServiceTarget)*(Arr_E)/Cap_Nurse,1)+CEILING((ServiceTarget)*(Arr_N)/Cap_Nurse,1)))-Avail_Nurse-(0.35)*MIN((CEILING((ServiceTarget)*(Arr_M)/Cap_Nurse,1)+CEILING((ServiceTarget)*(Arr_E)/Cap_Nurse,1)+CEILING((ServiceTarget)*(Arr_N)/Cap_Nurse,1)),Avail_Nurse)))*Cap_Nurse+(MAX(0,((CEILING((ServiceTarget)*(Arr_M)/Cap_Tech,1)+CEILING((ServiceTarget)*(Arr_E)/Cap_Tech,1)+CEILING((ServiceTarget)*(Arr_N)/Cap_Tech,1)))-Avail_Tech-(0.35)*MIN((CEILING((ServiceTarget)*(Arr_M)/Cap_Tech,1)+CEILING((ServiceTarget)*(Arr_E)/Cap_Tech,1)+CEILING((ServiceTarget)*(Arr_N)/Cap_Tech,1)),Avail_Tech)))*Cap_Tech+(MAX(0,(ServiceTarget)*Arr_M-(BedsAdded+BedsCurrent)*ShiftHours/BedHr_M)+MAX(0,(ServiceTarget)*Arr_E-(BedsAdded+BedsCurrent)*ShiftHours/BedHr_E)+MAX(0,(ServiceTarget)*Arr_N-(BedsAdded+BedsCurrent)*ShiftHours/BedHr_N))+(MAX(0,(ServiceTarget)*Arr_M*Acuity_M-(ImgBase+(ImgExpOn)*ImgExpAdd))+MAX(0,(ServiceTarget)*Arr_E*Acuity_E-(ImgBase+(ImgExpOn)*ImgExpAdd))+MAX(0,(ServiceTarget)*Arr_N*Acuity_N-(ImgBase+(ImgExpOn)*ImgExpAdd)))+(MAX(0,(ServiceTarget)*Arr_M-(LabBase+(LabExpOn)*LabExpAdd))+MAX(0,(ServiceTarget)*Arr_E-(LabBase+(LabExpOn)*LabExpAdd))+MAX(0,(ServiceTarget)*Arr_N-(LabBase+(LabExpOn)*LabExpAdd))))*(PenUncovered*(1-DivertShare)+PenDiverted*DivertShare)) -> 466610 | C19: =1-((MAX(0,((CEILING((ServiceTarget)*(Arr_M*(1+0.5*Acuity_M))/Cap_Doc,1)+CEILING((ServiceTarget)*(Arr_E*(1+0.5*Acuity_E))/Cap_Doc,1)+CEILING((ServiceTarget)*(Arr_N*(1+0.5*Acuity_N))/Cap_Doc,1)))-Avail_Doc-(0.35)*MIN((CEILING((ServiceTarget)*(Arr_M*(1+0.5*Acuity_M))/Cap_Doc,1)+CEILING((ServiceTarget)*(Arr_E*(1+0.5*Acuity_E))/Cap_Doc,1)+CEILING((ServiceTarget)*(Arr_N*(1+0.5*Acuity_N))/Cap_Doc,1)),Avail_Doc)))*Cap_Doc+(MAX(0,((CEILING((ServiceTarget)*(Arr_M)/Cap_Nurse,1)+CEILING((ServiceTarget)*(Arr_E)/Cap_Nurse,1)+CEILING((ServiceTarget)*(Arr_N)/Cap_Nurse,1)))-Avail_Nurse-(0.35)*MIN((CEILING((ServiceTarget)*(Arr_M)/Cap_Nurse,1)+CEILING((ServiceTarget)*(Arr_E)/Cap_Nurse,1)+CEILING((ServiceTarget)*(Arr_N)/Cap_Nurse,1)),Avail_Nurse)))*Cap_Nurse+(MAX(0,((CEILING((ServiceTarget)*(Arr_M)/Cap_Tech,1)+CEILING((ServiceTarget)*(Arr_E)/Cap_Tech,1)+CEILING((ServiceTarget)*(Arr_N)/Cap_Tech,1)))-Avail_Tech-(0.35)*MIN((CEILING((ServiceTarget)*(Arr_M)/Cap_Tech,1)+CEILING((ServiceTarget)*(Arr_E)/Cap_Tech,1)+CEILING((ServiceTarget)*(Arr_N)/Cap_Tech,1)),Avail_Tech)))*Cap_Tech+(MAX(0,(ServiceTarget)*Arr_M-(BedsAdded+BedsCurrent)*ShiftHours/BedHr_M)+MAX(0,(ServiceTarget)*Arr_E-(BedsAdded+BedsCurrent)*ShiftHours/BedHr_E)+MAX(0,(ServiceTarget)*Arr_N-(BedsAdded+BedsCurrent)*ShiftHours/BedHr_N))+(MAX(0,(ServiceTarget)*Arr_M*Acuity_M-(ImgBase+(ImgExpOn)*ImgExpAdd))+MAX(0,(ServiceTarget)*Arr_E*Acuity_E-(ImgBase+(ImgExpOn)*ImgExpAdd))+MAX(0,(ServiceTarget)*Arr_N*Acuity_N-(ImgBase+(ImgExpOn)*ImgExpAdd)))+(MAX(0,(ServiceTarget)*Arr_M-(LabBase+(LabExpOn)*LabExpAdd))+MAX(0,(ServiceTarget)*Arr_E-(LabBase+(LabExpOn)*LabExpAdd))+MAX(0,(ServiceTarget)*Arr_N-(LabBase+(LabExpOn)*LabExpAdd))))/(Arr_M+Arr_E+Arr_N) -> 0.91037037 | D19: =(MAX(0,((CEILING((ServiceTarget)*(Arr_M*(1+0.5*Acuity_M))/Cap_Doc,1)+CEILING((ServiceTarget)*(Arr_E*(1+0.5*Acuity_E))/Cap_Doc,1)+CEILING((ServiceTarget)*(Arr_N*(1+0.5*Acuity_N))/Cap_Doc,1)))-Avail_Doc-(0.35)*MIN((CEILING((ServiceTarget)*(Arr_M*(1+0.5*Acuity_M))/Cap_Doc,1)+CEILING((ServiceTarget)*(Arr_E*(1+0.5*Acuity_E))/Cap_Doc,1)+CEILING((ServiceTarget)*(Arr_N*(1+0.5*Acuity_N))/Cap_Doc,1)),Avail_Doc)))*Cap_Doc+(MAX(0,((CEILING((ServiceTarget)*(Arr_M)/Cap_Nurse,1)+CEILING((ServiceTarget)*(Arr_E)/Cap_Nurse,1)+CEILING((ServiceTarget)*(Arr_N)/Cap_Nurse,1)))-Avail_Nurse-(0.35)*MIN((CEILING((ServiceTarget)*(Arr_M)/Cap_Nurse,1)+CEILING((ServiceTarget)*(Arr_E)/Cap_Nurse,1)+CEILING((ServiceTarget)*(Arr_N)/Cap_Nurse,1)),Avail_Nurse)))*Cap_Nurse+(MAX(0,((CEILING((ServiceTarget)*(Arr_M)/Cap_Tech,1)+CEILING((ServiceTarget)*(Arr_E)/Cap_Tech,1)+CEILING((ServiceTarget)*(Arr_N)/Cap_Tech,1)))-Avail_Tech-(0.35)*MIN((CEILING((ServiceTarget)*(Arr_M)/Cap_Tech,1)+CEILING((ServiceTarget)*(Arr_E)/Cap_Tech,1)+CEILING((ServiceTarget)*(Arr_N)/Cap_Tech,1)),Avail_Tech)))*Cap_Tech+(MAX(0,(ServiceTarget)*Arr_M-(BedsAdded+BedsCurrent)*ShiftHours/BedHr_M)+MAX(0,(ServiceTarget)*Arr_E-(BedsAdded+BedsCurrent)*ShiftHours/BedHr_E)+MAX(0,(ServiceTarget)*Arr_N-(BedsAdded+BedsCurrent)*ShiftHours/BedHr_N))+(MAX(0,(ServiceTarget)*Arr_M*Acuity_M-(ImgBase+(ImgExpOn)*ImgExpAdd))+MAX(0,(ServiceTarget)*Arr_E*Acuity_E-(ImgBase+(ImgExpOn)*ImgExpAdd))+MAX(0,(ServiceTarget)*Arr_N*Acuity_N-(ImgBase+(ImgExpOn)*ImgExpAdd)))+(MAX(0,(ServiceTarget)*Arr_M-(LabBase+(LabExpOn)*LabExpAdd))+MAX(0,(ServiceTarget)*Arr_E-(LabBase+(LabExpOn)*LabExpAdd))+MAX(0,(ServiceTarget)*Arr_N-(LabBase+(LabExpOn)*LabExpAdd))) -> 24.2 | E19: =B19-B20 -> 0
A20: CURRENT (Inputs sheet) | B20: =((MIN((CEILING((ServiceTarget)*(Arr_M*(1+0.5*Acuity_M))/Cap_Doc,1)+CEILING((ServiceTarget)*(Arr_E*(1+0.5*Acuity_E))/Cap_Doc,1)+CEILING((ServiceTarget)*(Arr_N*(1+0.5*Acuity_N))/Cap_Doc,1)),Avail_Doc))*RegCost_Doc+(MIN(MAX((CEILING((ServiceTarget)*(Arr_M*(1+0.5*Acuity_M))/Cap_Doc,1)+CEILING((ServiceTarget)*(Arr_E*(1+0.5*Acuity_E))/Cap_Doc,1)+CEILING((ServiceTarget)*(Arr_N*(1+0.5*Acuity_N))/Cap_Doc,1))-Avail_Doc,0),(OTCapPct)*MIN((CEILING((ServiceTarget)*(Arr_M*(1+0.5*Acuity_M))/Cap_Doc,1)+CEILING((ServiceTarget)*(Arr_E*(1+0.5*Acuity_E))/Cap_Doc,1)+CEILING((ServiceTarget)*(Arr_N*(1+0.5*Acuity_N))/Cap_Doc,1)),Avail_Doc)))*OTCost_Doc+(MIN((CEILING((ServiceTarget)*(Arr_M)/Cap_Nurse,1)+CEILING((ServiceTarget)*(Arr_E)/Cap_Nurse,1)+CEILING((ServiceTarget)*(Arr_N)/Cap_Nurse,1)),Avail_Nurse))*RegCost_Nurse+(MIN(MAX((CEILING((ServiceTarget)*(Arr_M)/Cap_Nurse,1)+CEILING((ServiceTarget)*(Arr_E)/Cap_Nurse,1)+CEILING((ServiceTarget)*(Arr_N)/Cap_Nurse,1))-Avail_Nurse,0),(OTCapPct)*MIN((CEILING((ServiceTarget)*(Arr_M)/Cap_Nurse,1)+CEILING((ServiceTarget)*(Arr_E)/Cap_Nurse,1)+CEILING((ServiceTarget)*(Arr_N)/Cap_Nurse,1)),Avail_Nurse)))*OTCost_Nurse+(MIN((CEILING((ServiceTarget)*(Arr_M)/Cap_Tech,1)+CEILING((ServiceTarget)*(Arr_E)/Cap_Tech,1)+CEILING((ServiceTarget)*(Arr_N)/Cap_Tech,1)),Avail_Tech))*RegCost_Tech+(MIN(MAX((CEILING((ServiceTarget)*(Arr_M)/Cap_Tech,1)+CEILING((ServiceTarget)*(Arr_E)/Cap_Tech,1)+CEILING((ServiceTarget)*(Arr_N)/Cap_Tech,1))-Avail_Tech,0),(OTCapPct)*MIN((CEILING((ServiceTarget)*(Arr_M)/Cap_Tech,1)+CEILING((ServiceTarget)*(Arr_E)/Cap_Tech,1)+CEILING((ServiceTarget)*(Arr_N)/Cap_Tech,1)),Avail_Tech)))*OTCost_Tech)+((BedsAdded)*BedCostPerBed+(ImgExpOn)*ImgExpCost+(LabExpOn)*LabExpCost)+(((MAX(0,((CEILING((ServiceTarget)*(Arr_M*(1+0.5*Acuity_M))/Cap_Doc,1)+CEILING((ServiceTarget)*(Arr_E*(1+0.5*Acuity_E))/Cap_Doc,1)+CEILING((ServiceTarget)*(Arr_N*(1+0.5*Acuity_N))/Cap_Doc,1)))-Avail_Doc-(OTCapPct)*MIN((CEILING((ServiceTarget)*(Arr_M*(1+0.5*Acuity_M))/Cap_Doc,1)+CEILING((ServiceTarget)*(Arr_E*(1+0.5*Acuity_E))/Cap_Doc,1)+CEILING((ServiceTarget)*(Arr_N*(1+0.5*Acuity_N))/Cap_Doc,1)),Avail_Doc)))*Cap_Doc+(MAX(0,((CEILING((ServiceTarget)*(Arr_M)/Cap_Nurse,1)+CEILING((ServiceTarget)*(Arr_E)/Cap_Nurse,1)+CEILING((ServiceTarget)*(Arr_N)/Cap_Nurse,1)))-Avail_Nurse-(OTCapPct)*MIN((CEILING((ServiceTarget)*(Arr_M)/Cap_Nurse,1)+CEILING((ServiceTarget)*(Arr_E)/Cap_Nurse,1)+CEILING((ServiceTarget)*(Arr_N)/Cap_Nurse,1)),Avail_Nurse)))*Cap_Nurse+(MAX(0,((CEILING((ServiceTarget)*(Arr_M)/Cap_Tech,1)+CEILING((ServiceTarget)*(Arr_E)/Cap_Tech,1)+CEILING((ServiceTarget)*(Arr_N)/Cap_Tech,1)))-Avail_Tech-(OTCapPct)*MIN((CEILING((ServiceTarget)*(Arr_M)/Cap_Tech,1)+CEILING((ServiceTarget)*(Arr_E)/Cap_Tech,1)+CEILING((ServiceTarget)*(Arr_N)/Cap_Tech,1)),Avail_Tech)))*Cap_Tech+(MAX(0,(ServiceTarget)*Arr_M-(BedsAdded+BedsCurrent)*ShiftHours/BedHr_M)+MAX(0,(ServiceTarget)*Arr_E-(BedsAdded+BedsCurrent)*ShiftHours/BedHr_E)+MAX(0,(ServiceTarget)*Arr_N-(BedsAdded+BedsCurrent)*ShiftHours/BedHr_N))+(MAX(0,(ServiceTarget)*Arr_M*Acuity_M-(ImgBase+(ImgExpOn)*ImgExpAdd))+MAX(0,(ServiceTarget)*Arr_E*Acuity_E-(ImgBase+(ImgExpOn)*ImgExpAdd))+MAX(0,(ServiceTarget)*Arr_N*Acuity_N-(ImgBase+(ImgExpOn)*ImgExpAdd)))+(MAX(0,(ServiceTarget)*Arr_M-(LabBase+(LabExpOn)*LabExpAdd))+MAX(0,(ServiceTarget)*Arr_E-(LabBase+(LabExpOn)*LabExpAdd))+MAX(0,(ServiceTarget)*Arr_N-(LabBase+(LabExpOn)*LabExpAdd))))*(PenUncovered*(1-DivertShare)+PenDiverted*DivertShare)) -> 466610 | C20: =1-((MAX(0,((CEILING((ServiceTarget)*(Arr_M*(1+0.5*Acuity_M))/Cap_Doc,1)+CEILING((ServiceTarget)*(Arr_E*(1+0.5*Acuity_E))/Cap_Doc,1)+CEILING((ServiceTarget)*(Arr_N*(1+0.5*Acuity_N))/Cap_Doc,1)))-Avail_Doc-(OTCapPct)*MIN((CEILING((ServiceTarget)*(Arr_M*(1+0.5*Acuity_M))/Cap_Doc,1)+CEILING((ServiceTarget)*(Arr_E*(1+0.5*Acuity_E))/Cap_Doc,1)+CEILING((ServiceTarget)*(Arr_N*(1+0.5*Acuity_N))/Cap_Doc,1)),Avail_Doc)))*Cap_Doc+(MAX(0,((CEILING((ServiceTarget)*(Arr_M)/Cap_Nurse,1)+CEILING((ServiceTarget)*(Arr_E)/Cap_Nurse,1)+CEILING((ServiceTarget)*(Arr_N)/Cap_Nurse,1)))-Avail_Nurse-(OTCapPct)*MIN((CEILING((ServiceTarget)*(Arr_M)/Cap_Nurse,1)+CEILING((ServiceTarget)*(Arr_E)/Cap_Nurse,1)+CEILING((ServiceTarget)*(Arr_N)/Cap_Nurse,1)),Avail_Nurse)))*Cap_Nurse+(MAX(0,((CEILING((ServiceTarget)*(Arr_M)/Cap_Tech,1)+CEILING((ServiceTarget)*(Arr_E)/Cap_Tech,1)+CEILING((ServiceTarget)*(Arr_N)/Cap_Tech,1)))-Avail_Tech-(OTCapPct)*MIN((CEILING((ServiceTarget)*(Arr_M)/Cap_Tech,1)+CEILING((ServiceTarget)*(Arr_E)/Cap_Tech,1)+CEILING((ServiceTarget)*(Arr_N)/Cap_Tech,1)),Avail_Tech)))*Cap_Tech+(MAX(0,(ServiceTarget)*Arr_M-(BedsAdded+BedsCurrent)*ShiftHours/BedHr_M)+MAX(0,(ServiceTarget)*Arr_E-(BedsAdded+BedsCurrent)*ShiftHours/BedHr_E)+MAX(0,(ServiceTarget)*Arr_N-(BedsAdded+BedsCurrent)*ShiftHours/BedHr_N))+(MAX(0,(ServiceTarget)*Arr_M*Acuity_M-(ImgBase+(ImgExpOn)*ImgExpAdd))+MAX(0,(ServiceTarget)*Arr_E*Acuity_E-(ImgBase+(ImgExpOn)*ImgExpAdd))+MAX(0,(ServiceTarget)*Arr_N*Acuity_N-(ImgBase+(ImgExpOn)*ImgExpAdd)))+(MAX(0,(ServiceTarget)*Arr_M-(LabBase+(LabExpOn)*LabExpAdd))+MAX(0,(ServiceTarget)*Arr_E-(LabBase+(LabExpOn)*LabExpAdd))+MAX(0,(ServiceTarget)*Arr_N-(LabBase+(LabExpOn)*LabExpAdd))))/(Arr_M+Arr_E+Arr_N) -> 0.91037037 | D20: =(MAX(0,((CEILING((ServiceTarget)*(Arr_M*(1+0.5*Acuity_M))/Cap_Doc,1)+CEILING((ServiceTarget)*(Arr_E*(1+0.5*Acuity_E))/Cap_Doc,1)+CEILING((ServiceTarget)*(Arr_N*(1+0.5*Acuity_N))/Cap_Doc,1)))-Avail_Doc-(OTCapPct)*MIN((CEILING((ServiceTarget)*(Arr_M*(1+0.5*Acuity_M))/Cap_Doc,1)+CEILING((ServiceTarget)*(Arr_E*(1+0.5*Acuity_E))/Cap_Doc,1)+CEILING((ServiceTarget)*(Arr_N*(1+0.5*Acuity_N))/Cap_Doc,1)),Avail_Doc)))*Cap_Doc+(MAX(0,((CEILING((ServiceTarget)*(Arr_M)/Cap_Nurse,1)+CEILING((ServiceTarget)*(Arr_E)/Cap_Nurse,1)+CEILING((ServiceTarget)*(Arr_N)/Cap_Nurse,1)))-Avail_Nurse-(OTCapPct)*MIN((CEILING((ServiceTarget)*(Arr_M)/Cap_Nurse,1)+CEILING((ServiceTarget)*(Arr_E)/Cap_Nurse,1)+CEILING((ServiceTarget)*(Arr_N)/Cap_Nurse,1)),Avail_Nurse)))*Cap_Nurse+(MAX(0,((CEILING((ServiceTarget)*(Arr_M)/Cap_Tech,1)+CEILING((ServiceTarget)*(Arr_E)/Cap_Tech,1)+CEILING((ServiceTarget)*(Arr_N)/Cap_Tech,1)))-Avail_Tech-(OTCapPct)*MIN((CEILING((ServiceTarget)*(Arr_M)/Cap_Tech,1)+CEILING((ServiceTarget)*(Arr_E)/Cap_Tech,1)+CEILING((ServiceTarget)*(Arr_N)/Cap_Tech,1)),Avail_Tech)))*Cap_Tech+(MAX(0,(ServiceTarget)*Arr_M-(BedsAdded+BedsCurrent)*ShiftHours/BedHr_M)+MAX(0,(ServiceTarget)*Arr_E-(BedsAdded+BedsCurrent)*ShiftHours/BedHr_E)+MAX(0,(ServiceTarget)*Arr_N-(BedsAdded+BedsCurrent)*ShiftHours/BedHr_N))+(MAX(0,(ServiceTarget)*Arr_M*Acuity_M-(ImgBase+(ImgExpOn)*ImgExpAdd))+MAX(0,(ServiceTarget)*Arr_E*Acuity_E-(ImgBase+(ImgExpOn)*ImgExpAdd))+MAX(0,(ServiceTarget)*Arr_N*Acuity_N-(ImgBase+(ImgExpOn)*ImgExpAdd)))+(MAX(0,(ServiceTarget)*Arr_M-(LabBase+(LabExpOn)*LabExpAdd))+MAX(0,(ServiceTarget)*Arr_E-(LabBase+(LabExpOn)*LabExpAdd))+MAX(0,(ServiceTarget)*Arr_N-(LabBase+(LabExpOn)*LabExpAdd))) -> 24.2
A22: 3. Are Extra Beds Worth It?
A23: Penalty: patient not covered (₹) | B23: Total Cost — NO expansion | C23: Total Cost — WITH +10 beds | D23: Savings from expanding
A24: 4500 | B24: =((MIN((CEILING((ServiceTarget)*(Arr_M*(1+0.5*Acuity_M))/Cap_Doc,1)+CEILING((ServiceTarget)*(Arr_E*(1+0.5*Acuity_E))/Cap_Doc,1)+CEILING((ServiceTarget)*(Arr_N*(1+0.5*Acuity_N))/Cap_Doc,1)),Avail_Doc))*RegCost_Doc+(MIN(MAX((CEILING((ServiceTarget)*(Arr_M*(1+0.5*Acuity_M))/Cap_Doc,1)+CEILING((ServiceTarget)*(Arr_E*(1+0.5*Acuity_E))/Cap_Doc,1)+CEILING((ServiceTarget)*(Arr_N*(1+0.5*Acuity_N))/Cap_Doc,1))-Avail_Doc,0),(OTCapPct)*MIN((CEILING((ServiceTarget)*(Arr_M*(1+0.5*Acuity_M))/Cap_Doc,1)+CEILING((ServiceTarget)*(Arr_E*(1+0.5*Acuity_E))/Cap_Doc,1)+CEILING((ServiceTarget)*(Arr_N*(1+0.5*Acuity_N))/Cap_Doc,1)),Avail_Doc)))*OTCost_Doc+(MIN((CEILING((ServiceTarget)*(Arr_M)/Cap_Nurse,1)+CEILING((ServiceTarget)*(Arr_E)/Cap_Nurse,1)+CEILING((ServiceTarget)*(Arr_N)/Cap_Nurse,1)),Avail_Nurse))*RegCost_Nurse+(MIN(MAX((CEILING((ServiceTarget)*(Arr_M)/Cap_Nurse,1)+CEILING((ServiceTarget)*(Arr_E)/Cap_Nurse,1)+CEILING((ServiceTarget)*(Arr_N)/Cap_Nurse,1))-Avail_Nurse,0),(OTCapPct)*MIN((CEILING((ServiceTarget)*(Arr_M)/Cap_Nurse,1)+CEILING((ServiceTarget)*(Arr_E)/Cap_Nurse,1)+CEILING((ServiceTarget)*(Arr_N)/Cap_Nurse,1)),Avail_Nurse)))*OTCost_Nurse+(MIN((CEILING((ServiceTarget)*(Arr_M)/Cap_Tech,1)+CEILING((ServiceTarget)*(Arr_E)/Cap_Tech,1)+CEILING((ServiceTarget)*(Arr_N)/Cap_Tech,1)),Avail_Tech))*RegCost_Tech+(MIN(MAX((CEILING((ServiceTarget)*(Arr_M)/Cap_Tech,1)+CEILING((ServiceTarget)*(Arr_E)/Cap_Tech,1)+CEILING((ServiceTarget)*(Arr_N)/Cap_Tech,1))-Avail_Tech,0),(OTCapPct)*MIN((CEILING((ServiceTarget)*(Arr_M)/Cap_Tech,1)+CEILING((ServiceTarget)*(Arr_E)/Cap_Tech,1)+CEILING((ServiceTarget)*(Arr_N)/Cap_Tech,1)),Avail_Tech)))*OTCost_Tech)+((0)*BedCostPerBed+(ImgExpOn)*ImgExpCost+(LabExpOn)*LabExpCost)+(((MAX(0,((CEILING((ServiceTarget)*(Arr_M*(1+0.5*Acuity_M))/Cap_Doc,1)+CEILING((ServiceTarget)*(Arr_E*(1+0.5*Acuity_E))/Cap_Doc,1)+CEILING((ServiceTarget)*(Arr_N*(1+0.5*Acuity_N))/Cap_Doc,1)))-Avail_Doc-(OTCapPct)*MIN((CEILING((ServiceTarget)*(Arr_M*(1+0.5*Acuity_M))/Cap_Doc,1)+CEILING((ServiceTarget)*(Arr_E*(1+0.5*Acuity_E))/Cap_Doc,1)+CEILING((ServiceTarget)*(Arr_N*(1+0.5*Acuity_N))/Cap_Doc,1)),Avail_Doc)))*Cap_Doc+(MAX(0,((CEILING((ServiceTarget)*(Arr_M)/Cap_Nurse,1)+CEILING((ServiceTarget)*(Arr_E)/Cap_Nurse,1)+CEILING((ServiceTarget)*(Arr_N)/Cap_Nurse,1)))-Avail_Nurse-(OTCapPct)*MIN((CEILING((ServiceTarget)*(Arr_M)/Cap_Nurse,1)+CEILING((ServiceTarget)*(Arr_E)/Cap_Nurse,1)+CEILING((ServiceTarget)*(Arr_N)/Cap_Nurse,1)),Avail_Nurse)))*Cap_Nurse+(MAX(0,((CEILING((ServiceTarget)*(Arr_M)/Cap_Tech,1)+CEILING((ServiceTarget)*(Arr_E)/Cap_Tech,1)+CEILING((ServiceTarget)*(Arr_N)/Cap_Tech,1)))-Avail_Tech-(OTCapPct)*MIN((CEILING((ServiceTarget)*(Arr_M)/Cap_Tech,1)+CEILING((ServiceTarget)*(Arr_E)/Cap_Tech,1)+CEILING((ServiceTarget)*(Arr_N)/Cap_Tech,1)),Avail_Tech)))*Cap_Tech+(MAX(0,(ServiceTarget)*Arr_M-(0+BedsCurrent)*ShiftHours/BedHr_M)+MAX(0,(ServiceTarget)*Arr_E-(0+BedsCurrent)*ShiftHours/BedHr_E)+MAX(0,(ServiceTarget)*Arr_N-(0+BedsCurrent)*ShiftHours/BedHr_N))+(MAX(0,(ServiceTarget)*Arr_M*Acuity_M-(ImgBase+(ImgExpOn)*ImgExpAdd))+MAX(0,(ServiceTarget)*Arr_E*Acuity_E-(ImgBase+(ImgExpOn)*ImgExpAdd))+MAX(0,(ServiceTarget)*Arr_N*Acuity_N-(ImgBase+(ImgExpOn)*ImgExpAdd)))+(MAX(0,(ServiceTarget)*Arr_M-(LabBase+(LabExpOn)*LabExpAdd))+MAX(0,(ServiceTarget)*Arr_E-(LabBase+(LabExpOn)*LabExpAdd))+MAX(0,(ServiceTarget)*Arr_N-(LabBase+(LabExpOn)*LabExpAdd))))*(4500*(1-DivertShare)+PenDiverted*DivertShare)) -> 441200 | C24: =((MIN((CEILING((ServiceTarget)*(Arr_M*(1+0.5*Acuity_M))/Cap_Doc,1)+CEILING((ServiceTarget)*(Arr_E*(1+0.5*Acuity_E))/Cap_Doc,1)+CEILING((ServiceTarget)*(Arr_N*(1+0.5*Acuity_N))/Cap_Doc,1)),Avail_Doc))*RegCost_Doc+(MIN(MAX((CEILING((ServiceTarget)*(Arr_M*(1+0.5*Acuity_M))/Cap_Doc,1)+CEILING((ServiceTarget)*(Arr_E*(1+0.5*Acuity_E))/Cap_Doc,1)+CEILING((ServiceTarget)*(Arr_N*(1+0.5*Acuity_N))/Cap_Doc,1))-Avail_Doc,0),(OTCapPct)*MIN((CEILING((ServiceTarget)*(Arr_M*(1+0.5*Acuity_M))/Cap_Doc,1)+CEILING((ServiceTarget)*(Arr_E*(1+0.5*Acuity_E))/Cap_Doc,1)+CEILING((ServiceTarget)*(Arr_N*(1+0.5*Acuity_N))/Cap_Doc,1)),Avail_Doc)))*OTCost_Doc+(MIN((CEILING((ServiceTarget)*(Arr_M)/Cap_Nurse,1)+CEILING((ServiceTarget)*(Arr_E)/Cap_Nurse,1)+CEILING((ServiceTarget)*(Arr_N)/Cap_Nurse,1)),Avail_Nurse))*RegCost_Nurse+(MIN(MAX((CEILING((ServiceTarget)*(Arr_M)/Cap_Nurse,1)+CEILING((ServiceTarget)*(Arr_E)/Cap_Nurse,1)+CEILING((ServiceTarget)*(Arr_N)/Cap_Nurse,1))-Avail_Nurse,0),(OTCapPct)*MIN((CEILING((ServiceTarget)*(Arr_M)/Cap_Nurse,1)+CEILING((ServiceTarget)*(Arr_E)/Cap_Nurse,1)+CEILING((ServiceTarget)*(Arr_N)/Cap_Nurse,1)),Avail_Nurse)))*OTCost_Nurse+(MIN((CEILING((ServiceTarget)*(Arr_M)/Cap_Tech,1)+CEILING((ServiceTarget)*(Arr_E)/Cap_Tech,1)+CEILING((ServiceTarget)*(Arr_N)/Cap_Tech,1)),Avail_Tech))*RegCost_Tech+(MIN(MAX((CEILING((ServiceTarget)*(Arr_M)/Cap_Tech,1)+CEILING((ServiceTarget)*(Arr_E)/Cap_Tech,1)+CEILING((ServiceTarget)*(Arr_N)/Cap_Tech,1))-Avail_Tech,0),(OTCapPct)*MIN((CEILING((ServiceTarget)*(Arr_M)/Cap_Tech,1)+CEILING((ServiceTarget)*(Arr_E)/Cap_Tech,1)+CEILING((ServiceTarget)*(Arr_N)/Cap_Tech,1)),Avail_Tech)))*OTCost_Tech)+((10)*BedCostPerBed+(ImgExpOn)*ImgExpCost+(LabExpOn)*LabExpCost)+(((MAX(0,((CEILING((ServiceTarget)*(Arr_M*(1+0.5*Acuity_M))/Cap_Doc,1)+CEILING((ServiceTarget)*(Arr_E*(1+0.5*Acuity_E))/Cap_Doc,1)+CEILING((ServiceTarget)*(Arr_N*(1+0.5*Acuity_N))/Cap_Doc,1)))-Avail_Doc-(OTCapPct)*MIN((CEILING((ServiceTarget)*(Arr_M*(1+0.5*Acuity_M))/Cap_Doc,1)+CEILING((ServiceTarget)*(Arr_E*(1+0.5*Acuity_E))/Cap_Doc,1)+CEILING((ServiceTarget)*(Arr_N*(1+0.5*Acuity_N))/Cap_Doc,1)),Avail_Doc)))*Cap_Doc+(MAX(0,((CEILING((ServiceTarget)*(Arr_M)/Cap_Nurse,1)+CEILING((ServiceTarget)*(Arr_E)/Cap_Nurse,1)+CEILING((ServiceTarget)*(Arr_N)/Cap_Nurse,1)))-Avail_Nurse-(OTCapPct)*MIN((CEILING((ServiceTarget)*(Arr_M)/Cap_Nurse,1)+CEILING((ServiceTarget)*(Arr_E)/Cap_Nurse,1)+CEILING((ServiceTarget)*(Arr_N)/Cap_Nurse,1)),Avail_Nurse)))*Cap_Nurse+(MAX(0,((CEILING((ServiceTarget)*(Arr_M)/Cap_Tech,1)+CEILING((ServiceTarget)*(Arr_E)/Cap_Tech,1)+CEILING((ServiceTarget)*(Arr_N)/Cap_Tech,1)))-Avail_Tech-(OTCapPct)*MIN((CEILING((ServiceTarget)*(Arr_M)/Cap_Tech,1)+CEILING((ServiceTarget)*(Arr_E)/Cap_Tech,1)+CEILING((ServiceTarget)*(Arr_N)/Cap_Tech,1)),Avail_Tech)))*Cap_Tech+(MAX(0,(ServiceTarget)*Arr_M-(10+BedsCurrent)*ShiftHours/BedHr_M)+MAX(0,(ServiceTarget)*Arr_E-(10+BedsCurrent)*ShiftHours/BedHr_E)+MAX(0,(ServiceTarget)*Arr_N-(10+BedsCurrent)*ShiftHours/BedHr_N))+(MAX(0,(ServiceTarget)*Arr_M*Acuity_M-(ImgBase+(ImgExpOn)*ImgExpAdd))+MAX(0,(ServiceTarget)*Arr_E*Acuity_E-(ImgBase+(ImgExpOn)*ImgExpAdd))+MAX(0,(ServiceTarget)*Arr_N*Acuity_N-(ImgBase+(ImgExpOn)*ImgExpAdd)))+(MAX(0,(ServiceTarget)*Arr_M-(LabBase+(LabExpOn)*LabExpAdd))+MAX(0,(ServiceTarget)*Arr_E-(LabBase+(LabExpOn)*LabExpAdd))+MAX(0,(ServiceTarget)*Arr_N-(LabBase+(LabExpOn)*LabExpAdd))))*(4500*(1-DivertShare)+PenDiverted*DivertShare)) -> 425000 | D24: =B24-C24 -> 16200
A25: 6000 | B25: =((MIN((CEILING((ServiceTarget)*(Arr_M*(1+0.5*Acuity_M))/Cap_Doc,1)+CEILING((ServiceTarget)*(Arr_E*(1+0.5*Acuity_E))/Cap_Doc,1)+CEILING((ServiceTarget)*(Arr_N*(1+0.5*Acuity_N))/Cap_Doc,1)),Avail_Doc))*RegCost_Doc+(MIN(MAX((CEILING((ServiceTarget)*(Arr_M*(1+0.5*Acuity_M))/Cap_Doc,1)+CEILING((ServiceTarget)*(Arr_E*(1+0.5*Acuity_E))/Cap_Doc,1)+CEILING((ServiceTarget)*(Arr_N*(1+0.5*Acuity_N))/Cap_Doc,1))-Avail_Doc,0),(OTCapPct)*MIN((CEILING((ServiceTarget)*(Arr_M*(1+0.5*Acuity_M))/Cap_Doc,1)+CEILING((ServiceTarget)*(Arr_E*(1+0.5*Acuity_E))/Cap_Doc,1)+CEILING((ServiceTarget)*(Arr_N*(1+0.5*Acuity_N))/Cap_Doc,1)),Avail_Doc)))*OTCost_Doc+(MIN((CEILING((ServiceTarget)*(Arr_M)/Cap_Nurse,1)+CEILING((ServiceTarget)*(Arr_E)/Cap_Nurse,1)+CEILING((ServiceTarget)*(Arr_N)/Cap_Nurse,1)),Avail_Nurse))*RegCost_Nurse+(MIN(MAX((CEILING((ServiceTarget)*(Arr_M)/Cap_Nurse,1)+CEILING((ServiceTarget)*(Arr_E)/Cap_Nurse,1)+CEILING((ServiceTarget)*(Arr_N)/Cap_Nurse,1))-Avail_Nurse,0),(OTCapPct)*MIN((CEILING((ServiceTarget)*(Arr_M)/Cap_Nurse,1)+CEILING((ServiceTarget)*(Arr_E)/Cap_Nurse,1)+CEILING((ServiceTarget)*(Arr_N)/Cap_Nurse,1)),Avail_Nurse)))*OTCost_Nurse+(MIN((CEILING((ServiceTarget)*(Arr_M)/Cap_Tech,1)+CEILING((ServiceTarget)*(Arr_E)/Cap_Tech,1)+CEILING((ServiceTarget)*(Arr_N)/Cap_Tech,1)),Avail_Tech))*RegCost_Tech+(MIN(MAX((CEILING((ServiceTarget)*(Arr_M)/Cap_Tech,1)+CEILING((ServiceTarget)*(Arr_E)/Cap_Tech,1)+CEILING((ServiceTarget)*(Arr_N)/Cap_Tech,1))-Avail_Tech,0),(OTCapPct)*MIN((CEILING((ServiceTarget)*(Arr_M)/Cap_Tech,1)+CEILING((ServiceTarget)*(Arr_E)/Cap_Tech,1)+CEILING((ServiceTarget)*(Arr_N)/Cap_Tech,1)),Avail_Tech)))*OTCost_Tech)+((0)*BedCostPerBed+(ImgExpOn)*ImgExpCost+(LabExpOn)*LabExpCost)+(((MAX(0,((CEILING((ServiceTarget)*(Arr_M*(1+0.5*Acuity_M))/Cap_Doc,1)+CEILING((ServiceTarget)*(Arr_E*(1+0.5*Acuity_E))/Cap_Doc,1)+CEILING((ServiceTarget)*(Arr_N*(1+0.5*Acuity_N))/Cap_Doc,1)))-Avail_Doc-(OTCapPct)*MIN((CEILING((ServiceTarget)*(Arr_M*(1+0.5*Acuity_M))/Cap_Doc,1)+CEILING((ServiceTarget)*(Arr_E*(1+0.5*Acuity_E))/Cap_Doc,1)+CEILING((ServiceTarget)*(Arr_N*(1+0.5*Acuity_N))/Cap_Doc,1)),Avail_Doc)))*Cap_Doc+(MAX(0,((CEILING((ServiceTarget)*(Arr_M)/Cap_Nurse,1)+CEILING((ServiceTarget)*(Arr_E)/Cap_Nurse,1)+CEILING((ServiceTarget)*(Arr_N)/Cap_Nurse,1)))-Avail_Nurse-(OTCapPct)*MIN((CEILING((ServiceTarget)*(Arr_M)/Cap_Nurse,1)+CEILING((ServiceTarget)*(Arr_E)/Cap_Nurse,1)+CEILING((ServiceTarget)*(Arr_N)/Cap_Nurse,1)),Avail_Nurse)))*Cap_Nurse+(MAX(0,((CEILING((ServiceTarget)*(Arr_M)/Cap_Tech,1)+CEILING((ServiceTarget)*(Arr_E)/Cap_Tech,1)+CEILING((ServiceTarget)*(Arr_N)/Cap_Tech,1)))-Avail_Tech-(OTCapPct)*MIN((CEILING((ServiceTarget)*(Arr_M)/Cap_Tech,1)+CEILING((ServiceTarget)*(Arr_E)/Cap_Tech,1)+CEILING((ServiceTarget)*(Arr_N)/Cap_Tech,1)),Avail_Tech)))*Cap_Tech+(MAX(0,(ServiceTarget)*Arr_M-(0+BedsCurrent)*ShiftHours/BedHr_M)+MAX(0,(ServiceTarget)*Arr_E-(0+BedsCurrent)*ShiftHours/BedHr_E)+MAX(0,(ServiceTarget)*Arr_N-(0+BedsCurrent)*ShiftHours/BedHr_N))+(MAX(0,(ServiceTarget)*Arr_M*Acuity_M-(ImgBase+(ImgExpOn)*ImgExpAdd))+MAX(0,(ServiceTarget)*Arr_E*Acuity_E-(ImgBase+(ImgExpOn)*ImgExpAdd))+MAX(0,(ServiceTarget)*Arr_N*Acuity_N-(ImgBase+(ImgExpOn)*ImgExpAdd)))+(MAX(0,(ServiceTarget)*Arr_M-(LabBase+(LabExpOn)*LabExpAdd))+MAX(0,(ServiceTarget)*Arr_E-(LabBase+(LabExpOn)*LabExpAdd))+MAX(0,(ServiceTarget)*Arr_N-(LabBase+(LabExpOn)*LabExpAdd))))*(6000*(1-DivertShare)+PenDiverted*DivertShare)) -> 466610 | C25: =((MIN((CEILING((ServiceTarget)*(Arr_M*(1+0.5*Acuity_M))/Cap_Doc,1)+CEILING((ServiceTarget)*(Arr_E*(1+0.5*Acuity_E))/Cap_Doc,1)+CEILING((ServiceTarget)*(Arr_N*(1+0.5*Acuity_N))/Cap_Doc,1)),Avail_Doc))*RegCost_Doc+(MIN(MAX((CEILING((ServiceTarget)*(Arr_M*(1+0.5*Acuity_M))/Cap_Doc,1)+CEILING((ServiceTarget)*(Arr_E*(1+0.5*Acuity_E))/Cap_Doc,1)+CEILING((ServiceTarget)*(Arr_N*(1+0.5*Acuity_N))/Cap_Doc,1))-Avail_Doc,0),(OTCapPct)*MIN((CEILING((ServiceTarget)*(Arr_M*(1+0.5*Acuity_M))/Cap_Doc,1)+CEILING((ServiceTarget)*(Arr_E*(1+0.5*Acuity_E))/Cap_Doc,1)+CEILING((ServiceTarget)*(Arr_N*(1+0.5*Acuity_N))/Cap_Doc,1)),Avail_Doc)))*OTCost_Doc+(MIN((CEILING((ServiceTarget)*(Arr_M)/Cap_Nurse,1)+CEILING((ServiceTarget)*(Arr_E)/Cap_Nurse,1)+CEILING((ServiceTarget)*(Arr_N)/Cap_Nurse,1)),Avail_Nurse))*RegCost_Nurse+(MIN(MAX((CEILING((ServiceTarget)*(Arr_M)/Cap_Nurse,1)+CEILING((ServiceTarget)*(Arr_E)/Cap_Nurse,1)+CEILING((ServiceTarget)*(Arr_N)/Cap_Nurse,1))-Avail_Nurse,0),(OTCapPct)*MIN((CEILING((ServiceTarget)*(Arr_M)/Cap_Nurse,1)+CEILING((ServiceTarget)*(Arr_E)/Cap_Nurse,1)+CEILING((ServiceTarget)*(Arr_N)/Cap_Nurse,1)),Avail_Nurse)))*OTCost_Nurse+(MIN((CEILING((ServiceTarget)*(Arr_M)/Cap_Tech,1)+CEILING((ServiceTarget)*(Arr_E)/Cap_Tech,1)+CEILING((ServiceTarget)*(Arr_N)/Cap_Tech,1)),Avail_Tech))*RegCost_Tech+(MIN(MAX((CEILING((ServiceTarget)*(Arr_M)/Cap_Tech,1)+CEILING((ServiceTarget)*(Arr_E)/Cap_Tech,1)+CEILING((ServiceTarget)*(Arr_N)/Cap_Tech,1))-Avail_Tech,0),(OTCapPct)*MIN((CEILING((ServiceTarget)*(Arr_M)/Cap_Tech,1)+CEILING((ServiceTarget)*(Arr_E)/Cap_Tech,1)+CEILING((ServiceTarget)*(Arr_N)/Cap_Tech,1)),Avail_Tech)))*OTCost_Tech)+((10)*BedCostPerBed+(ImgExpOn)*ImgExpCost+(LabExpOn)*LabExpCost)+(((MAX(0,((CEILING((ServiceTarget)*(Arr_M*(1+0.5*Acuity_M))/Cap_Doc,1)+CEILING((ServiceTarget)*(Arr_E*(1+0.5*Acuity_E))/Cap_Doc,1)+CEILING((ServiceTarget)*(Arr_N*(1+0.5*Acuity_N))/Cap_Doc,1)))-Avail_Doc-(OTCapPct)*MIN((CEILING((ServiceTarget)*(Arr_M*(1+0.5*Acuity_M))/Cap_Doc,1)+CEILING((ServiceTarget)*(Arr_E*(1+0.5*Acuity_E))/Cap_Doc,1)+CEILING((ServiceTarget)*(Arr_N*(1+0.5*Acuity_N))/Cap_Doc,1)),Avail_Doc)))*Cap_Doc+(MAX(0,((CEILING((ServiceTarget)*(Arr_M)/Cap_Nurse,1)+CEILING((ServiceTarget)*(Arr_E)/Cap_Nurse,1)+CEILING((ServiceTarget)*(Arr_N)/Cap_Nurse,1)))-Avail_Nurse-(OTCapPct)*MIN((CEILING((ServiceTarget)*(Arr_M)/Cap_Nurse,1)+CEILING((ServiceTarget)*(Arr_E)/Cap_Nurse,1)+CEILING((ServiceTarget)*(Arr_N)/Cap_Nurse,1)),Avail_Nurse)))*Cap_Nurse+(MAX(0,((CEILING((ServiceTarget)*(Arr_M)/Cap_Tech,1)+CEILING((ServiceTarget)*(Arr_E)/Cap_Tech,1)+CEILING((ServiceTarget)*(Arr_N)/Cap_Tech,1)))-Avail_Tech-(OTCapPct)*MIN((CEILING((ServiceTarget)*(Arr_M)/Cap_Tech,1)+CEILING((ServiceTarget)*(Arr_E)/Cap_Tech,1)+CEILING((ServiceTarget)*(Arr_N)/Cap_Tech,1)),Avail_Tech)))*Cap_Tech+(MAX(0,(ServiceTarget)*Arr_M-(10+BedsCurrent)*ShiftHours/BedHr_M)+MAX(0,(ServiceTarget)*Arr_E-(10+BedsCurrent)*ShiftHours/BedHr_E)+MAX(0,(ServiceTarget)*Arr_N-(10+BedsCurrent)*ShiftHours/BedHr_N))+(MAX(0,(ServiceTarget)*Arr_M*Acuity_M-(ImgBase+(ImgExpOn)*ImgExpAdd))+MAX(0,(ServiceTarget)*Arr_E*Acuity_E-(ImgBase+(ImgExpOn)*ImgExpAdd))+MAX(0,(ServiceTarget)*Arr_N*Acuity_N-(ImgBase+(ImgExpOn)*ImgExpAdd)))+(MAX(0,(ServiceTarget)*Arr_M-(LabBase+(LabExpOn)*LabExpAdd))+MAX(0,(ServiceTarget)*Arr_E-(LabBase+(LabExpOn)*LabExpAdd))+MAX(0,(ServiceTarget)*Arr_N-(LabBase+(LabExpOn)*LabExpAdd))))*(6000*(1-DivertShare)+PenDiverted*DivertShare)) -> 444950 | D25: =B25-C25 -> 21660
A26: 7500 | B26: =((MIN((CEILING((ServiceTarget)*(Arr_M*(1+0.5*Acuity_M))/Cap_Doc,1)+CEILING((ServiceTarget)*(Arr_E*(1+0.5*Acuity_E))/Cap_Doc,1)+CEILING((ServiceTarget)*(Arr_N*(1+0.5*Acuity_N))/Cap_Doc,1)),Avail_Doc))*RegCost_Doc+(MIN(MAX((CEILING((ServiceTarget)*(Arr_M*(1+0.5*Acuity_M))/Cap_Doc,1)+CEILING((ServiceTarget)*(Arr_E*(1+0.5*Acuity_E))/Cap_Doc,1)+CEILING((ServiceTarget)*(Arr_N*(1+0.5*Acuity_N))/Cap_Doc,1))-Avail_Doc,0),(OTCapPct)*MIN((CEILING((ServiceTarget)*(Arr_M*(1+0.5*Acuity_M))/Cap_Doc,1)+CEILING((ServiceTarget)*(Arr_E*(1+0.5*Acuity_E))/Cap_Doc,1)+CEILING((ServiceTarget)*(Arr_N*(1+0.5*Acuity_N))/Cap_Doc,1)),Avail_Doc)))*OTCost_Doc+(MIN((CEILING((ServiceTarget)*(Arr_M)/Cap_Nurse,1)+CEILING((ServiceTarget)*(Arr_E)/Cap_Nurse,1)+CEILING((ServiceTarget)*(Arr_N)/Cap_Nurse,1)),Avail_Nurse))*RegCost_Nurse+(MIN(MAX((CEILING((ServiceTarget)*(Arr_M)/Cap_Nurse,1)+CEILING((ServiceTarget)*(Arr_E)/Cap_Nurse,1)+CEILING((ServiceTarget)*(Arr_N)/Cap_Nurse,1))-Avail_Nurse,0),(OTCapPct)*MIN((CEILING((ServiceTarget)*(Arr_M)/Cap_Nurse,1)+CEILING((ServiceTarget)*(Arr_E)/Cap_Nurse,1)+CEILING((ServiceTarget)*(Arr_N)/Cap_Nurse,1)),Avail_Nurse)))*OTCost_Nurse+(MIN((CEILING((ServiceTarget)*(Arr_M)/Cap_Tech,1)+CEILING((ServiceTarget)*(Arr_E)/Cap_Tech,1)+CEILING((ServiceTarget)*(Arr_N)/Cap_Tech,1)),Avail_Tech))*RegCost_Tech+(MIN(MAX((CEILING((ServiceTarget)*(Arr_M)/Cap_Tech,1)+CEILING((ServiceTarget)*(Arr_E)/Cap_Tech,1)+CEILING((ServiceTarget)*(Arr_N)/Cap_Tech,1))-Avail_Tech,0),(OTCapPct)*MIN((CEILING((ServiceTarget)*(Arr_M)/Cap_Tech,1)+CEILING((ServiceTarget)*(Arr_E)/Cap_Tech,1)+CEILING((ServiceTarget)*(Arr_N)/Cap_Tech,1)),Avail_Tech)))*OTCost_Tech)+((0)*BedCostPerBed+(ImgExpOn)*ImgExpCost+(LabExpOn)*LabExpCost)+(((MAX(0,((CEILING((ServiceTarget)*(Arr_M*(1+0.5*Acuity_M))/Cap_Doc,1)+CEILING((ServiceTarget)*(Arr_E*(1+0.5*Acuity_E))/Cap_Doc,1)+CEILING((ServiceTarget)*(Arr_N*(1+0.5*Acuity_N))/Cap_Doc,1)))-Avail_Doc-(OTCapPct)*MIN((CEILING((ServiceTarget)*(Arr_M*(1+0.5*Acuity_M))/Cap_Doc,1)+CEILING((ServiceTarget)*(Arr_E*(1+0.5*Acuity_E))/Cap_Doc,1)+CEILING((ServiceTarget)*(Arr_N*(1+0.5*Acuity_N))/Cap_Doc,1)),Avail_Doc)))*Cap_Doc+(MAX(0,((CEILING((ServiceTarget)*(Arr_M)/Cap_Nurse,1)+CEILING((ServiceTarget)*(Arr_E)/Cap_Nurse,1)+CEILING((ServiceTarget)*(Arr_N)/Cap_Nurse,1)))-Avail_Nurse-(OTCapPct)*MIN((CEILING((ServiceTarget)*(Arr_M)/Cap_Nurse,1)+CEILING((ServiceTarget)*(Arr_E)/Cap_Nurse,1)+CEILING((ServiceTarget)*(Arr_N)/Cap_Nurse,1)),Avail_Nurse)))*Cap_Nurse+(MAX(0,((CEILING((ServiceTarget)*(Arr_M)/Cap_Tech,1)+CEILING((ServiceTarget)*(Arr_E)/Cap_Tech,1)+CEILING((ServiceTarget)*(Arr_N)/Cap_Tech,1)))-Avail_Tech-(OTCapPct)*MIN((CEILING((ServiceTarget)*(Arr_M)/Cap_Tech,1)+CEILING((ServiceTarget)*(Arr_E)/Cap_Tech,1)+CEILING((ServiceTarget)*(Arr_N)/Cap_Tech,1)),Avail_Tech)))*Cap_Tech+(MAX(0,(ServiceTarget)*Arr_M-(0+BedsCurrent)*ShiftHours/BedHr_M)+MAX(0,(ServiceTarget)*Arr_E-(0+BedsCurrent)*ShiftHours/BedHr_E)+MAX(0,(ServiceTarget)*Arr_N-(0+BedsCurrent)*ShiftHours/BedHr_N))+(MAX(0,(ServiceTarget)*Arr_M*Acuity_M-(ImgBase+(ImgExpOn)*ImgExpAdd))+MAX(0,(ServiceTarget)*Arr_E*Acuity_E-(ImgBase+(ImgExpOn)*ImgExpAdd))+MAX(0,(ServiceTarget)*Arr_N*Acuity_N-(ImgBase+(ImgExpOn)*ImgExpAdd)))+(MAX(0,(ServiceTarget)*Arr_M-(LabBase+(LabExpOn)*LabExpAdd))+MAX(0,(ServiceTarget)*Arr_E-(LabBase+(LabExpOn)*LabExpAdd))+MAX(0,(ServiceTarget)*Arr_N-(LabBase+(LabExpOn)*LabExpAdd))))*(7500*(1-DivertShare)+PenDiverted*DivertShare)) -> 492020 | C26: =((MIN((CEILING((ServiceTarget)*(Arr_M*(1+0.5*Acuity_M))/Cap_Doc,1)+CEILING((ServiceTarget)*(Arr_E*(1+0.5*Acuity_E))/Cap_Doc,1)+CEILING((ServiceTarget)*(Arr_N*(1+0.5*Acuity_N))/Cap_Doc,1)),Avail_Doc))*RegCost_Doc+(MIN(MAX((CEILING((ServiceTarget)*(Arr_M*(1+0.5*Acuity_M))/Cap_Doc,1)+CEILING((ServiceTarget)*(Arr_E*(1+0.5*Acuity_E))/Cap_Doc,1)+CEILING((ServiceTarget)*(Arr_N*(1+0.5*Acuity_N))/Cap_Doc,1))-Avail_Doc,0),(OTCapPct)*MIN((CEILING((ServiceTarget)*(Arr_M*(1+0.5*Acuity_M))/Cap_Doc,1)+CEILING((ServiceTarget)*(Arr_E*(1+0.5*Acuity_E))/Cap_Doc,1)+CEILING((ServiceTarget)*(Arr_N*(1+0.5*Acuity_N))/Cap_Doc,1)),Avail_Doc)))*OTCost_Doc+(MIN((CEILING((ServiceTarget)*(Arr_M)/Cap_Nurse,1)+CEILING((ServiceTarget)*(Arr_E)/Cap_Nurse,1)+CEILING((ServiceTarget)*(Arr_N)/Cap_Nurse,1)),Avail_Nurse))*RegCost_Nurse+(MIN(MAX((CEILING((ServiceTarget)*(Arr_M)/Cap_Nurse,1)+CEILING((ServiceTarget)*(Arr_E)/Cap_Nurse,1)+CEILING((ServiceTarget)*(Arr_N)/Cap_Nurse,1))-Avail_Nurse,0),(OTCapPct)*MIN((CEILING((ServiceTarget)*(Arr_M)/Cap_Nurse,1)+CEILING((ServiceTarget)*(Arr_E)/Cap_Nurse,1)+CEILING((ServiceTarget)*(Arr_N)/Cap_Nurse,1)),Avail_Nurse)))*OTCost_Nurse+(MIN((CEILING((ServiceTarget)*(Arr_M)/Cap_Tech,1)+CEILING((ServiceTarget)*(Arr_E)/Cap_Tech,1)+CEILING((ServiceTarget)*(Arr_N)/Cap_Tech,1)),Avail_Tech))*RegCost_Tech+(MIN(MAX((CEILING((ServiceTarget)*(Arr_M)/Cap_Tech,1)+CEILING((ServiceTarget)*(Arr_E)/Cap_Tech,1)+CEILING((ServiceTarget)*(Arr_N)/Cap_Tech,1))-Avail_Tech,0),(OTCapPct)*MIN((CEILING((ServiceTarget)*(Arr_M)/Cap_Tech,1)+CEILING((ServiceTarget)*(Arr_E)/Cap_Tech,1)+CEILING((ServiceTarget)*(Arr_N)/Cap_Tech,1)),Avail_Tech)))*OTCost_Tech)+((10)*BedCostPerBed+(ImgExpOn)*ImgExpCost+(LabExpOn)*LabExpCost)+(((MAX(0,((CEILING((ServiceTarget)*(Arr_M*(1+0.5*Acuity_M))/Cap_Doc,1)+CEILING((ServiceTarget)*(Arr_E*(1+0.5*Acuity_E))/Cap_Doc,1)+CEILING((ServiceTarget)*(Arr_N*(1+0.5*Acuity_N))/Cap_Doc,1)))-Avail_Doc-(OTCapPct)*MIN((CEILING((ServiceTarget)*(Arr_M*(1+0.5*Acuity_M))/Cap_Doc,1)+CEILING((ServiceTarget)*(Arr_E*(1+0.5*Acuity_E))/Cap_Doc,1)+CEILING((ServiceTarget)*(Arr_N*(1+0.5*Acuity_N))/Cap_Doc,1)),Avail_Doc)))*Cap_Doc+(MAX(0,((CEILING((ServiceTarget)*(Arr_M)/Cap_Nurse,1)+CEILING((ServiceTarget)*(Arr_E)/Cap_Nurse,1)+CEILING((ServiceTarget)*(Arr_N)/Cap_Nurse,1)))-Avail_Nurse-(OTCapPct)*MIN((CEILING((ServiceTarget)*(Arr_M)/Cap_Nurse,1)+CEILING((ServiceTarget)*(Arr_E)/Cap_Nurse,1)+CEILING((ServiceTarget)*(Arr_N)/Cap_Nurse,1)),Avail_Nurse)))*Cap_Nurse+(MAX(0,((CEILING((ServiceTarget)*(Arr_M)/Cap_Tech,1)+CEILING((ServiceTarget)*(Arr_E)/Cap_Tech,1)+CEILING((ServiceTarget)*(Arr_N)/Cap_Tech,1)))-Avail_Tech-(OTCapPct)*MIN((CEILING((ServiceTarget)*(Arr_M)/Cap_Tech,1)+CEILING((ServiceTarget)*(Arr_E)/Cap_Tech,1)+CEILING((ServiceTarget)*(Arr_N)/Cap_Tech,1)),Avail_Tech)))*Cap_Tech+(MAX(0,(ServiceTarget)*Arr_M-(10+BedsCurrent)*ShiftHours/BedHr_M)+MAX(0,(ServiceTarget)*Arr_E-(10+BedsCurrent)*ShiftHours/BedHr_E)+MAX(0,(ServiceTarget)*Arr_N-(10+BedsCurrent)*ShiftHours/BedHr_N))+(MAX(0,(ServiceTarget)*Arr_M*Acuity_M-(ImgBase+(ImgExpOn)*ImgExpAdd))+MAX(0,(ServiceTarget)*Arr_E*Acuity_E-(ImgBase+(ImgExpOn)*ImgExpAdd))+MAX(0,(ServiceTarget)*Arr_N*Acuity_N-(ImgBase+(ImgExpOn)*ImgExpAdd)))+(MAX(0,(ServiceTarget)*Arr_M-(LabBase+(LabExpOn)*LabExpAdd))+MAX(0,(ServiceTarget)*Arr_E-(LabBase+(LabExpOn)*LabExpAdd))+MAX(0,(ServiceTarget)*Arr_N-(LabBase+(LabExpOn)*LabExpAdd))))*(7500*(1-DivertShare)+PenDiverted*DivertShare)) -> 464900 | D26: =B26-C26 -> 27120
A27: 9000 | B27: =((MIN((CEILING((ServiceTarget)*(Arr_M*(1+0.5*Acuity_M))/Cap_Doc,1)+CEILING((ServiceTarget)*(Arr_E*(1+0.5*Acuity_E))/Cap_Doc,1)+CEILING((ServiceTarget)*(Arr_N*(1+0.5*Acuity_N))/Cap_Doc,1)),Avail_Doc))*RegCost_Doc+(MIN(MAX((CEILING((ServiceTarget)*(Arr_M*(1+0.5*Acuity_M))/Cap_Doc,1)+CEILING((ServiceTarget)*(Arr_E*(1+0.5*Acuity_E))/Cap_Doc,1)+CEILING((ServiceTarget)*(Arr_N*(1+0.5*Acuity_N))/Cap_Doc,1))-Avail_Doc,0),(OTCapPct)*MIN((CEILING((ServiceTarget)*(Arr_M*(1+0.5*Acuity_M))/Cap_Doc,1)+CEILING((ServiceTarget)*(Arr_E*(1+0.5*Acuity_E))/Cap_Doc,1)+CEILING((ServiceTarget)*(Arr_N*(1+0.5*Acuity_N))/Cap_Doc,1)),Avail_Doc)))*OTCost_Doc+(MIN((CEILING((ServiceTarget)*(Arr_M)/Cap_Nurse,1)+CEILING((ServiceTarget)*(Arr_E)/Cap_Nurse,1)+CEILING((ServiceTarget)*(Arr_N)/Cap_Nurse,1)),Avail_Nurse))*RegCost_Nurse+(MIN(MAX((CEILING((ServiceTarget)*(Arr_M)/Cap_Nurse,1)+CEILING((ServiceTarget)*(Arr_E)/Cap_Nurse,1)+CEILING((ServiceTarget)*(Arr_N)/Cap_Nurse,1))-Avail_Nurse,0),(OTCapPct)*MIN((CEILING((ServiceTarget)*(Arr_M)/Cap_Nurse,1)+CEILING((ServiceTarget)*(Arr_E)/Cap_Nurse,1)+CEILING((ServiceTarget)*(Arr_N)/Cap_Nurse,1)),Avail_Nurse)))*OTCost_Nurse+(MIN((CEILING((ServiceTarget)*(Arr_M)/Cap_Tech,1)+CEILING((ServiceTarget)*(Arr_E)/Cap_Tech,1)+CEILING((ServiceTarget)*(Arr_N)/Cap_Tech,1)),Avail_Tech))*RegCost_Tech+(MIN(MAX((CEILING((ServiceTarget)*(Arr_M)/Cap_Tech,1)+CEILING((ServiceTarget)*(Arr_E)/Cap_Tech,1)+CEILING((ServiceTarget)*(Arr_N)/Cap_Tech,1))-Avail_Tech,0),(OTCapPct)*MIN((CEILING((ServiceTarget)*(Arr_M)/Cap_Tech,1)+CEILING((ServiceTarget)*(Arr_E)/Cap_Tech,1)+CEILING((ServiceTarget)*(Arr_N)/Cap_Tech,1)),Avail_Tech)))*OTCost_Tech)+((0)*BedCostPerBed+(ImgExpOn)*ImgExpCost+(LabExpOn)*LabExpCost)+(((MAX(0,((CEILING((ServiceTarget)*(Arr_M*(1+0.5*Acuity_M))/Cap_Doc,1)+CEILING((ServiceTarget)*(Arr_E*(1+0.5*Acuity_E))/Cap_Doc,1)+CEILING((ServiceTarget)*(Arr_N*(1+0.5*Acuity_N))/Cap_Doc,1)))-Avail_Doc-(OTCapPct)*MIN((CEILING((ServiceTarget)*(Arr_M*(1+0.5*Acuity_M))/Cap_Doc,1)+CEILING((ServiceTarget)*(Arr_E*(1+0.5*Acuity_E))/Cap_Doc,1)+CEILING((ServiceTarget)*(Arr_N*(1+0.5*Acuity_N))/Cap_Doc,1)),Avail_Doc)))*Cap_Doc+(MAX(0,((CEILING((ServiceTarget)*(Arr_M)/Cap_Nurse,1)+CEILING((ServiceTarget)*(Arr_E)/Cap_Nurse,1)+CEILING((ServiceTarget)*(Arr_N)/Cap_Nurse,1)))-Avail_Nurse-(OTCapPct)*MIN((CEILING((ServiceTarget)*(Arr_M)/Cap_Nurse,1)+CEILING((ServiceTarget)*(Arr_E)/Cap_Nurse,1)+CEILING((ServiceTarget)*(Arr_N)/Cap_Nurse,1)),Avail_Nurse)))*Cap_Nurse+(MAX(0,((CEILING((ServiceTarget)*(Arr_M)/Cap_Tech,1)+CEILING((ServiceTarget)*(Arr_E)/Cap_Tech,1)+CEILING((ServiceTarget)*(Arr_N)/Cap_Tech,1)))-Avail_Tech-(OTCapPct)*MIN((CEILING((ServiceTarget)*(Arr_M)/Cap_Tech,1)+CEILING((ServiceTarget)*(Arr_E)/Cap_Tech,1)+CEILING((ServiceTarget)*(Arr_N)/Cap_Tech,1)),Avail_Tech)))*Cap_Tech+(MAX(0,(ServiceTarget)*Arr_M-(0+BedsCurrent)*ShiftHours/BedHr_M)+MAX(0,(ServiceTarget)*Arr_E-(0+BedsCurrent)*ShiftHours/BedHr_E)+MAX(0,(ServiceTarget)*Arr_N-(0+BedsCurrent)*ShiftHours/BedHr_N))+(MAX(0,(ServiceTarget)*Arr_M*Acuity_M-(ImgBase+(ImgExpOn)*ImgExpAdd))+MAX(0,(ServiceTarget)*Arr_E*Acuity_E-(ImgBase+(ImgExpOn)*ImgExpAdd))+MAX(0,(ServiceTarget)*Arr_N*Acuity_N-(ImgBase+(ImgExpOn)*ImgExpAdd)))+(MAX(0,(ServiceTarget)*Arr_M-(LabBase+(LabExpOn)*LabExpAdd))+MAX(0,(ServiceTarget)*Arr_E-(LabBase+(LabExpOn)*LabExpAdd))+MAX(0,(ServiceTarget)*Arr_N-(LabBase+(LabExpOn)*LabExpAdd))))*(9000*(1-DivertShare)+PenDiverted*DivertShare)) -> 517430 | C27: =((MIN((CEILING((ServiceTarget)*(Arr_M*(1+0.5*Acuity_M))/Cap_Doc,1)+CEILING((ServiceTarget)*(Arr_E*(1+0.5*Acuity_E))/Cap_Doc,1)+CEILING((ServiceTarget)*(Arr_N*(1+0.5*Acuity_N))/Cap_Doc,1)),Avail_Doc))*RegCost_Doc+(MIN(MAX((CEILING((ServiceTarget)*(Arr_M*(1+0.5*Acuity_M))/Cap_Doc,1)+CEILING((ServiceTarget)*(Arr_E*(1+0.5*Acuity_E))/Cap_Doc,1)+CEILING((ServiceTarget)*(Arr_N*(1+0.5*Acuity_N))/Cap_Doc,1))-Avail_Doc,0),(OTCapPct)*MIN((CEILING((ServiceTarget)*(Arr_M*(1+0.5*Acuity_M))/Cap_Doc,1)+CEILING((ServiceTarget)*(Arr_E*(1+0.5*Acuity_E))/Cap_Doc,1)+CEILING((ServiceTarget)*(Arr_N*(1+0.5*Acuity_N))/Cap_Doc,1)),Avail_Doc)))*OTCost_Doc+(MIN((CEILING((ServiceTarget)*(Arr_M)/Cap_Nurse,1)+CEILING((ServiceTarget)*(Arr_E)/Cap_Nurse,1)+CEILING((ServiceTarget)*(Arr_N)/Cap_Nurse,1)),Avail_Nurse))*RegCost_Nurse+(MIN(MAX((CEILING((ServiceTarget)*(Arr_M)/Cap_Nurse,1)+CEILING((ServiceTarget)*(Arr_E)/Cap_Nurse,1)+CEILING((ServiceTarget)*(Arr_N)/Cap_Nurse,1))-Avail_Nurse,0),(OTCapPct)*MIN((CEILING((ServiceTarget)*(Arr_M)/Cap_Nurse,1)+CEILING((ServiceTarget)*(Arr_E)/Cap_Nurse,1)+CEILING((ServiceTarget)*(Arr_N)/Cap_Nurse,1)),Avail_Nurse)))*OTCost_Nurse+(MIN((CEILING((ServiceTarget)*(Arr_M)/Cap_Tech,1)+CEILING((ServiceTarget)*(Arr_E)/Cap_Tech,1)+CEILING((ServiceTarget)*(Arr_N)/Cap_Tech,1)),Avail_Tech))*RegCost_Tech+(MIN(MAX((CEILING((ServiceTarget)*(Arr_M)/Cap_Tech,1)+CEILING((ServiceTarget)*(Arr_E)/Cap_Tech,1)+CEILING((ServiceTarget)*(Arr_N)/Cap_Tech,1))-Avail_Tech,0),(OTCapPct)*MIN((CEILING((ServiceTarget)*(Arr_M)/Cap_Tech,1)+CEILING((ServiceTarget)*(Arr_E)/Cap_Tech,1)+CEILING((ServiceTarget)*(Arr_N)/Cap_Tech,1)),Avail_Tech)))*OTCost_Tech)+((10)*BedCostPerBed+(ImgExpOn)*ImgExpCost+(LabExpOn)*LabExpCost)+(((MAX(0,((CEILING((ServiceTarget)*(Arr_M*(1+0.5*Acuity_M))/Cap_Doc,1)+CEILING((ServiceTarget)*(Arr_E*(1+0.5*Acuity_E))/Cap_Doc,1)+CEILING((ServiceTarget)*(Arr_N*(1+0.5*Acuity_N))/Cap_Doc,1)))-Avail_Doc-(OTCapPct)*MIN((CEILING((ServiceTarget)*(Arr_M*(1+0.5*Acuity_M))/Cap_Doc,1)+CEILING((ServiceTarget)*(Arr_E*(1+0.5*Acuity_E))/Cap_Doc,1)+CEILING((ServiceTarget)*(Arr_N*(1+0.5*Acuity_N))/Cap_Doc,1)),Avail_Doc)))*Cap_Doc+(MAX(0,((CEILING((ServiceTarget)*(Arr_M)/Cap_Nurse,1)+CEILING((ServiceTarget)*(Arr_E)/Cap_Nurse,1)+CEILING((ServiceTarget)*(Arr_N)/Cap_Nurse,1)))-Avail_Nurse-(OTCapPct)*MIN((CEILING((ServiceTarget)*(Arr_M)/Cap_Nurse,1)+CEILING((ServiceTarget)*(Arr_E)/Cap_Nurse,1)+CEILING((ServiceTarget)*(Arr_N)/Cap_Nurse,1)),Avail_Nurse)))*Cap_Nurse+(MAX(0,((CEILING((ServiceTarget)*(Arr_M)/Cap_Tech,1)+CEILING((ServiceTarget)*(Arr_E)/Cap_Tech,1)+CEILING((ServiceTarget)*(Arr_N)/Cap_Tech,1)))-Avail_Tech-(OTCapPct)*MIN((CEILING((ServiceTarget)*(Arr_M)/Cap_Tech,1)+CEILING((ServiceTarget)*(Arr_E)/Cap_Tech,1)+CEILING((ServiceTarget)*(Arr_N)/Cap_Tech,1)),Avail_Tech)))*Cap_Tech+(MAX(0,(ServiceTarget)*Arr_M-(10+BedsCurrent)*ShiftHours/BedHr_M)+MAX(0,(ServiceTarget)*Arr_E-(10+BedsCurrent)*ShiftHours/BedHr_E)+MAX(0,(ServiceTarget)*Arr_N-(10+BedsCurrent)*ShiftHours/BedHr_N))+(MAX(0,(ServiceTarget)*Arr_M*Acuity_M-(ImgBase+(ImgExpOn)*ImgExpAdd))+MAX(0,(ServiceTarget)*Arr_E*Acuity_E-(ImgBase+(ImgExpOn)*ImgExpAdd))+MAX(0,(ServiceTarget)*Arr_N*Acuity_N-(ImgBase+(ImgExpOn)*ImgExpAdd)))+(MAX(0,(ServiceTarget)*Arr_M-(LabBase+(LabExpOn)*LabExpAdd))+MAX(0,(ServiceTarget)*Arr_E-(LabBase+(LabExpOn)*LabExpAdd))+MAX(0,(ServiceTarget)*Arr_N-(LabBase+(LabExpOn)*LabExpAdd))))*(9000*(1-DivertShare)+PenDiverted*DivertShare)) -> 484850 | D27: =B27-C27 -> 32580
A28: 12000 | B28: =((MIN((CEILING((ServiceTarget)*(Arr_M*(1+0.5*Acuity_M))/Cap_Doc,1)+CEILING((ServiceTarget)*(Arr_E*(1+0.5*Acuity_E))/Cap_Doc,1)+CEILING((ServiceTarget)*(Arr_N*(1+0.5*Acuity_N))/Cap_Doc,1)),Avail_Doc))*RegCost_Doc+(MIN(MAX((CEILING((ServiceTarget)*(Arr_M*(1+0.5*Acuity_M))/Cap_Doc,1)+CEILING((ServiceTarget)*(Arr_E*(1+0.5*Acuity_E))/Cap_Doc,1)+CEILING((ServiceTarget)*(Arr_N*(1+0.5*Acuity_N))/Cap_Doc,1))-Avail_Doc,0),(OTCapPct)*MIN((CEILING((ServiceTarget)*(Arr_M*(1+0.5*Acuity_M))/Cap_Doc,1)+CEILING((ServiceTarget)*(Arr_E*(1+0.5*Acuity_E))/Cap_Doc,1)+CEILING((ServiceTarget)*(Arr_N*(1+0.5*Acuity_N))/Cap_Doc,1)),Avail_Doc)))*OTCost_Doc+(MIN((CEILING((ServiceTarget)*(Arr_M)/Cap_Nurse,1)+CEILING((ServiceTarget)*(Arr_E)/Cap_Nurse,1)+CEILING((ServiceTarget)*(Arr_N)/Cap_Nurse,1)),Avail_Nurse))*RegCost_Nurse+(MIN(MAX((CEILING((ServiceTarget)*(Arr_M)/Cap_Nurse,1)+CEILING((ServiceTarget)*(Arr_E)/Cap_Nurse,1)+CEILING((ServiceTarget)*(Arr_N)/Cap_Nurse,1))-Avail_Nurse,0),(OTCapPct)*MIN((CEILING((ServiceTarget)*(Arr_M)/Cap_Nurse,1)+CEILING((ServiceTarget)*(Arr_E)/Cap_Nurse,1)+CEILING((ServiceTarget)*(Arr_N)/Cap_Nurse,1)),Avail_Nurse)))*OTCost_Nurse+(MIN((CEILING((ServiceTarget)*(Arr_M)/Cap_Tech,1)+CEILING((ServiceTarget)*(Arr_E)/Cap_Tech,1)+CEILING((ServiceTarget)*(Arr_N)/Cap_Tech,1)),Avail_Tech))*RegCost_Tech+(MIN(MAX((CEILING((ServiceTarget)*(Arr_M)/Cap_Tech,1)+CEILING((ServiceTarget)*(Arr_E)/Cap_Tech,1)+CEILING((ServiceTarget)*(Arr_N)/Cap_Tech,1))-Avail_Tech,0),(OTCapPct)*MIN((CEILING((ServiceTarget)*(Arr_M)/Cap_Tech,1)+CEILING((ServiceTarget)*(Arr_E)/Cap_Tech,1)+CEILING((ServiceTarget)*(Arr_N)/Cap_Tech,1)),Avail_Tech)))*OTCost_Tech)+((0)*BedCostPerBed+(ImgExpOn)*ImgExpCost+(LabExpOn)*LabExpCost)+(((MAX(0,((CEILING((ServiceTarget)*(Arr_M*(1+0.5*Acuity_M))/Cap_Doc,1)+CEILING((ServiceTarget)*(Arr_E*(1+0.5*Acuity_E))/Cap_Doc,1)+CEILING((ServiceTarget)*(Arr_N*(1+0.5*Acuity_N))/Cap_Doc,1)))-Avail_Doc-(OTCapPct)*MIN((CEILING((ServiceTarget)*(Arr_M*(1+0.5*Acuity_M))/Cap_Doc,1)+CEILING((ServiceTarget)*(Arr_E*(1+0.5*Acuity_E))/Cap_Doc,1)+CEILING((ServiceTarget)*(Arr_N*(1+0.5*Acuity_N))/Cap_Doc,1)),Avail_Doc)))*Cap_Doc+(MAX(0,((CEILING((ServiceTarget)*(Arr_M)/Cap_Nurse,1)+CEILING((ServiceTarget)*(Arr_E)/Cap_Nurse,1)+CEILING((ServiceTarget)*(Arr_N)/Cap_Nurse,1)))-Avail_Nurse-(OTCapPct)*MIN((CEILING((ServiceTarget)*(Arr_M)/Cap_Nurse,1)+CEILING((ServiceTarget)*(Arr_E)/Cap_Nurse,1)+CEILING((ServiceTarget)*(Arr_N)/Cap_Nurse,1)),Avail_Nurse)))*Cap_Nurse+(MAX(0,((CEILING((ServiceTarget)*(Arr_M)/Cap_Tech,1)+CEILING((ServiceTarget)*(Arr_E)/Cap_Tech,1)+CEILING((ServiceTarget)*(Arr_N)/Cap_Tech,1)))-Avail_Tech-(OTCapPct)*MIN((CEILING((ServiceTarget)*(Arr_M)/Cap_Tech,1)+CEILING((ServiceTarget)*(Arr_E)/Cap_Tech,1)+CEILING((ServiceTarget)*(Arr_N)/Cap_Tech,1)),Avail_Tech)))*Cap_Tech+(MAX(0,(ServiceTarget)*Arr_M-(0+BedsCurrent)*ShiftHours/BedHr_M)+MAX(0,(ServiceTarget)*Arr_E-(0+BedsCurrent)*ShiftHours/BedHr_E)+MAX(0,(ServiceTarget)*Arr_N-(0+BedsCurrent)*ShiftHours/BedHr_N))+(MAX(0,(ServiceTarget)*Arr_M*Acuity_M-(ImgBase+(ImgExpOn)*ImgExpAdd))+MAX(0,(ServiceTarget)*Arr_E*Acuity_E-(ImgBase+(ImgExpOn)*ImgExpAdd))+MAX(0,(ServiceTarget)*Arr_N*Acuity_N-(ImgBase+(ImgExpOn)*ImgExpAdd)))+(MAX(0,(ServiceTarget)*Arr_M-(LabBase+(LabExpOn)*LabExpAdd))+MAX(0,(ServiceTarget)*Arr_E-(LabBase+(LabExpOn)*LabExpAdd))+MAX(0,(ServiceTarget)*Arr_N-(LabBase+(LabExpOn)*LabExpAdd))))*(12000*(1-DivertShare)+PenDiverted*DivertShare)) -> 568250 | C28: =((MIN((CEILING((ServiceTarget)*(Arr_M*(1+0.5*Acuity_M))/Cap_Doc,1)+CEILING((ServiceTarget)*(Arr_E*(1+0.5*Acuity_E))/Cap_Doc,1)+CEILING((ServiceTarget)*(Arr_N*(1+0.5*Acuity_N))/Cap_Doc,1)),Avail_Doc))*RegCost_Doc+(MIN(MAX((CEILING((ServiceTarget)*(Arr_M*(1+0.5*Acuity_M))/Cap_Doc,1)+CEILING((ServiceTarget)*(Arr_E*(1+0.5*Acuity_E))/Cap_Doc,1)+CEILING((ServiceTarget)*(Arr_N*(1+0.5*Acuity_N))/Cap_Doc,1))-Avail_Doc,0),(OTCapPct)*MIN((CEILING((ServiceTarget)*(Arr_M*(1+0.5*Acuity_M))/Cap_Doc,1)+CEILING((ServiceTarget)*(Arr_E*(1+0.5*Acuity_E))/Cap_Doc,1)+CEILING((ServiceTarget)*(Arr_N*(1+0.5*Acuity_N))/Cap_Doc,1)),Avail_Doc)))*OTCost_Doc+(MIN((CEILING((ServiceTarget)*(Arr_M)/Cap_Nurse,1)+CEILING((ServiceTarget)*(Arr_E)/Cap_Nurse,1)+CEILING((ServiceTarget)*(Arr_N)/Cap_Nurse,1)),Avail_Nurse))*RegCost_Nurse+(MIN(MAX((CEILING((ServiceTarget)*(Arr_M)/Cap_Nurse,1)+CEILING((ServiceTarget)*(Arr_E)/Cap_Nurse,1)+CEILING((ServiceTarget)*(Arr_N)/Cap_Nurse,1))-Avail_Nurse,0),(OTCapPct)*MIN((CEILING((ServiceTarget)*(Arr_M)/Cap_Nurse,1)+CEILING((ServiceTarget)*(Arr_E)/Cap_Nurse,1)+CEILING((ServiceTarget)*(Arr_N)/Cap_Nurse,1)),Avail_Nurse)))*OTCost_Nurse+(MIN((CEILING((ServiceTarget)*(Arr_M)/Cap_Tech,1)+CEILING((ServiceTarget)*(Arr_E)/Cap_Tech,1)+CEILING((ServiceTarget)*(Arr_N)/Cap_Tech,1)),Avail_Tech))*RegCost_Tech+(MIN(MAX((CEILING((ServiceTarget)*(Arr_M)/Cap_Tech,1)+CEILING((ServiceTarget)*(Arr_E)/Cap_Tech,1)+CEILING((ServiceTarget)*(Arr_N)/Cap_Tech,1))-Avail_Tech,0),(OTCapPct)*MIN((CEILING((ServiceTarget)*(Arr_M)/Cap_Tech,1)+CEILING((ServiceTarget)*(Arr_E)/Cap_Tech,1)+CEILING((ServiceTarget)*(Arr_N)/Cap_Tech,1)),Avail_Tech)))*OTCost_Tech)+((10)*BedCostPerBed+(ImgExpOn)*ImgExpCost+(LabExpOn)*LabExpCost)+(((MAX(0,((CEILING((ServiceTarget)*(Arr_M*(1+0.5*Acuity_M))/Cap_Doc,1)+CEILING((ServiceTarget)*(Arr_E*(1+0.5*Acuity_E))/Cap_Doc,1)+CEILING((ServiceTarget)*(Arr_N*(1+0.5*Acuity_N))/Cap_Doc,1)))-Avail_Doc-(OTCapPct)*MIN((CEILING((ServiceTarget)*(Arr_M*(1+0.5*Acuity_M))/Cap_Doc,1)+CEILING((ServiceTarget)*(Arr_E*(1+0.5*Acuity_E))/Cap_Doc,1)+CEILING((ServiceTarget)*(Arr_N*(1+0.5*Acuity_N))/Cap_Doc,1)),Avail_Doc)))*Cap_Doc+(MAX(0,((CEILING((ServiceTarget)*(Arr_M)/Cap_Nurse,1)+CEILING((ServiceTarget)*(Arr_E)/Cap_Nurse,1)+CEILING((ServiceTarget)*(Arr_N)/Cap_Nurse,1)))-Avail_Nurse-(OTCapPct)*MIN((CEILING((ServiceTarget)*(Arr_M)/Cap_Nurse,1)+CEILING((ServiceTarget)*(Arr_E)/Cap_Nurse,1)+CEILING((ServiceTarget)*(Arr_N)/Cap_Nurse,1)),Avail_Nurse)))*Cap_Nurse+(MAX(0,((CEILING((ServiceTarget)*(Arr_M)/Cap_Tech,1)+CEILING((ServiceTarget)*(Arr_E)/Cap_Tech,1)+CEILING((ServiceTarget)*(Arr_N)/Cap_Tech,1)))-Avail_Tech-(OTCapPct)*MIN((CEILING((ServiceTarget)*(Arr_M)/Cap_Tech,1)+CEILING((ServiceTarget)*(Arr_E)/Cap_Tech,1)+CEILING((ServiceTarget)*(Arr_N)/Cap_Tech,1)),Avail_Tech)))*Cap_Tech+(MAX(0,(ServiceTarget)*Arr_M-(10+BedsCurrent)*ShiftHours/BedHr_M)+MAX(0,(ServiceTarget)*Arr_E-(10+BedsCurrent)*ShiftHours/BedHr_E)+MAX(0,(ServiceTarget)*Arr_N-(10+BedsCurrent)*ShiftHours/BedHr_N))+(MAX(0,(ServiceTarget)*Arr_M*Acuity_M-(ImgBase+(ImgExpOn)*ImgExpAdd))+MAX(0,(ServiceTarget)*Arr_E*Acuity_E-(ImgBase+(ImgExpOn)*ImgExpAdd))+MAX(0,(ServiceTarget)*Arr_N*Acuity_N-(ImgBase+(ImgExpOn)*ImgExpAdd)))+(MAX(0,(ServiceTarget)*Arr_M-(LabBase+(LabExpOn)*LabExpAdd))+MAX(0,(ServiceTarget)*Arr_E-(LabBase+(LabExpOn)*LabExpAdd))+MAX(0,(ServiceTarget)*Arr_N-(LabBase+(LabExpOn)*LabExpAdd))))*(12000*(1-DivertShare)+PenDiverted*DivertShare)) -> 524750 | D28: =B28-C28 -> 43500

Sheet Simulation
A1: Monte Carlo Simulation — stress-testing the Model-sheet staffing plan
A4: Trial | B4: Case-mix | C4: Eff.Cap Factor | D4: Incident? | E4: Incident Shift | F4: BedHr Factor | G4: Doc Absent Frac | H4: Nurse Absent Frac | I4: Tech Absent Frac | J4: Arrivals M | K4: Arrivals E | L4: Arrivals N | M4: Unmet Morning | N4: Unmet Evening | O4: Unmet Night | P4: Day Total Unmet | Q4: Reactive OT Cost (₹)
A5: 1 | B5: =IF(RAND()<P_Normal,"Normal",IF(RAND()<P_Complex/(P_Complex+P_Severe),"Complex","Severe")) -> Normal | C5: =IF(B5="Normal",1,IF(B5="Complex",0.9,0.8)) -> 1 | D5: =IF(RAND()<P_Incident,1,0) -> 0 | E5: =RANDBETWEEN(1,3) -> 3 | F5: =1-BedHrVariability+RAND()*2*BedHrVariability -> 0.97314332 | G5: =MIN(0.5,MAX(0,NORMINV(RAND(),BaseAbsence_Doc,SQRT(BaseAbsence_Doc*(1-BaseAbsence_Doc)/Avail_Doc)))) -> 0.10799848 | H5: =MIN(0.5,MAX(0,NORMINV(RAND(),BaseAbsence_Nurse,SQRT(BaseAbsence_Nurse*(1-BaseAbsence_Nurse)/Avail_Nurse)))) -> 0.12408334 | I5: =MIN(0.5,MAX(0,NORMINV(RAND(),BaseAbsence_Tech,SQRT(BaseAbsence_Tech*(1-BaseAbsence_Tech)/Avail_Tech)))) -> 0.045832961 | J5: =MAX(0,ROUND(NORMINV(RAND(),Arr_M,SD_M)*IF(AND($D5=1,$E5=1),1+IncidentSeverity,1),0)) -> 72 | K5: =MAX(0,ROUND(NORMINV(RAND(),Arr_E,SD_E)*IF(AND($D5=1,$E5=2),1+IncidentSeverity,1),0)) -> 153 | L5: =MAX(0,ROUND(NORMINV(RAND(),Arr_N,SD_N)*IF(AND($D5=1,$E5=3),1+IncidentSeverity,1),0)) -> 81 | M5: =MAX(MAX(0,($J5*(1+0.5*Acuity_M))-(Model!$G$24*(1+OTCapPct)*(Cap_Doc*$C5*(1-$G5)))),MAX(0,($J5)-(Model!$G$6*(1+OTCapPct)*(Cap_Nurse*$C5*(1-$H5)))),MAX(0,($J5)-(Model!$G$15*(1+OTCapPct)*(Cap_Tech*$C5*(1-$I5)))),MAX(0,$J5-((BedsCurrent+BedsAdded)*ShiftHours*$F5/BedHr_M)),MAX(0,$J5*Acuity_M-(ImgBase+ImgExpOn*ImgExpAdd)),MAX(0,$J5-(LabBase+LabExpOn*LabExpAdd))) -> 0 | N5: =MAX(MAX(0,($K5*(1+0.5*Acuity_E))-(Model!$G$25*(1+OTCapPct)*(Cap_Doc*$C5*(1-$G5)))),MAX(0,($K5)-(Model!$G$7*(1+OTCapPct)*(Cap_Nurse*$C5*(1-$H5)))),MAX(0,($K5)-(Model!$G$16*(1+OTCapPct)*(Cap_Tech*$C5*(1-$I5)))),MAX(0,$K5-((BedsCurrent+BedsAdded)*ShiftHours*$F5/BedHr_E)),MAX(0,$K5*Acuity_E-(ImgBase+ImgExpOn*ImgExpAdd)),MAX(0,$K5-(LabBase+LabExpOn*LabExpAdd))) -> 58 | O5: =MAX(MAX(0,($L5*(1+0.5*Acuity_N))-(Model!$G$26*(1+OTCapPct)*(Cap_Doc*$C5*(1-$G5)))),MAX(0,($L5)-(Model!$G$8*(1+OTCapPct)*(Cap_Nurse*$C5*(1-$H5)))),MAX(0,($L5)-(Model!$G$17*(1+OTCapPct)*(Cap_Tech*$C5*(1-$I5)))),MAX(0,$L5-((BedsCurrent+BedsAdded)*ShiftHours*$F5/BedHr_N)),MAX(0,$L5*Acuity_N-(ImgBase+ImgExpOn*ImgExpAdd)),MAX(0,$L5-(LabBase+LabExpOn*LabExpAdd))) -> 12.869863 | P5: =M5+N5+O5 -> 70.869863 | Q5: =((MIN(OTCapPct*Model!$G$24,MAX(0,(($J5*(1+0.5*Acuity_M))/(Cap_Doc*$C5*(1-$G5)))-Model!$G$24)))*OTCost_Doc)+((MIN(OTCapPct*Model!$G$6,MAX(0,(($J5)/(Cap_Nurse*$C5*(1-$H5)))-Model!$G$6)))*OTCost_Nurse)+((MIN(OTCapPct*Model!$G$15,MAX(0,(($J5)/(Cap_Tech*$C5*(1-$I5)))-Model!$G$15)))*OTCost_Tech)+((MIN(OTCapPct*Model!$G$25,MAX(0,(($K5*(1+0.5*Acuity_E))/(Cap_Doc*$C5*(1-$G5)))-Model!$G$25)))*OTCost_Doc)+((MIN(OTCapPct*Model!$G$7,MAX(0,(($K5)/(Cap_Nurse*$C5*(1-$H5)))-Model!$G$7)))*OTCost_Nurse)+((MIN(OTCapPct*Model!$G$16,MAX(0,(($K5)/(Cap_Tech*$C5*(1-$I5)))-Model!$G$16)))*OTCost_Tech)+((MIN(OTCapPct*Model!$G$26,MAX(0,(($L5*(1+0.5*Acuity_N))/(Cap_Doc*$C5*(1-$G5)))-Model!$G$26)))*OTCost_Doc)+((MIN(OTCapPct*Model!$G$8,MAX(0,(($L5)/(Cap_Nurse*$C5*(1-$H5)))-Model!$G$8)))*OTCost_Nurse)+((MIN(OTCapPct*Model!$G$17,MAX(0,(($L5)/(Cap_Tech*$C5*(1-$I5)))-Model!$G$17)))*OTCost_Tech) -> 68125
A6: 2 | B6: =IF(RAND()<P_Normal,"Normal",IF(RAND()<P_Complex/(P_Complex+P_Severe),"Complex","Severe")) -> Normal | C6: =IF(B6="Normal",1,IF(B6="Complex",0.9,0.8)) -> 1 | D6: =IF(RAND()<P_Incident,1,0) -> 0 | E6: =RANDBETWEEN(1,3) -> 3 | F6: =1-BedHrVariability+RAND()*2*BedHrVariability -> 0.99428699 | G6: =MIN(0.5,MAX(0,NORMINV(RAND(),BaseAbsence_Doc,SQRT(BaseAbsence_Doc*(1-BaseAbsence_Doc)/Avail_Doc)))) -> 0.013274371 | H6: =MIN(0.5,MAX(0,NORMINV(RAND(),BaseAbsence_Nurse,SQRT(BaseAbsence_Nurse*(1-BaseAbsence_Nurse)/Avail_Nurse)))) -> 0.086743577 | I6: =MIN(0.5,MAX(0,NORMINV(RAND(),BaseAbsence_Tech,SQRT(BaseAbsence_Tech*(1-BaseAbsence_Tech)/Avail_Tech)))) -> 0 | J6: =MAX(0,ROUND(NORMINV(RAND(),Arr_M,SD_M)*IF(AND($D6=1,$E6=1),1+IncidentSeverity,1),0)) -> 86 | K6: =MAX(0,ROUND(NORMINV(RAND(),Arr_E,SD_E)*IF(AND($D6=1,$E6=2),1+IncidentSeverity,1),0)) -> 111 | L6: =MAX(0,ROUND(NORMINV(RAND(),Arr_N,SD_N)*IF(AND($D6=1,$E6=3),1+IncidentSeverity,1),0)) -> 73 | M6: =MAX(MAX(0,($J6*(1+0.5*Acuity_M))-(Model!$G$24*(1+OTCapPct)*(Cap_Doc*$C6*(1-$G6)))),MAX(0,($J6)-(Model!$G$6*(1+OTCapPct)*(Cap_Nurse*$C6*(1-$H6)))),MAX(0,($J6)-(Model!$G$15*(1+OTCapPct)*(Cap_Tech*$C6*(1-$I6)))),MAX(0,$J6-((BedsCurrent+BedsAdded)*ShiftHours*$F6/BedHr_M)),MAX(0,$J6*Acuity_M-(ImgBase+ImgExpOn*ImgExpAdd)),MAX(0,$J6-(LabBase+LabExpOn*LabExpAdd))) -> 0 | N6: =MAX(MAX(0,($K6*(1+0.5*Acuity_E))-(Model!$G$25*(1+OTCapPct)*(Cap_Doc*$C6*(1-$G6)))),MAX(0,($K6)-(Model!$G$7*(1+OTCapPct)*(Cap_Nurse*$C6*(1-$H6)))),MAX(0,($K6)-(Model!$G$16*(1+OTCapPct)*(Cap_Tech*$C6*(1-$I6)))),MAX(0,$K6-((BedsCurrent+BedsAdded)*ShiftHours*$F6/BedHr_E)),MAX(0,$K6*Acuity_E-(ImgBase+ImgExpOn*ImgExpAdd)),MAX(0,$K6-(LabBase+LabExpOn*LabExpAdd))) -> 16 | O6: =MAX(MAX(0,($L6*(1+0.5*Acuity_N))-(Model!$G$26*(1+OTCapPct)*(Cap_Doc*$C6*(1-$G6)))),MAX(0,($L6)-(Model!$G$8*(1+OTCapPct)*(Cap_Nurse*$C6*(1-$H6)))),MAX(0,($L6)-(Model!$G$17*(1+OTCapPct)*(Cap_Tech*$C6*(1-$I6)))),MAX(0,$L6-((BedsCurrent+BedsAdded)*ShiftHours*$F6/BedHr_N)),MAX(0,$L6*Acuity_N-(ImgBase+ImgExpOn*ImgExpAdd)),MAX(0,$L6-(LabBase+LabExpOn*LabExpAdd))) -> 0 | P6: =M6+N6+O6 -> 16 | Q6: =((MIN(OTCapPct*Model!$G$24,MAX(0,(($J6*(1+0.5*Acuity_M))/(Cap_Doc*$C6*(1-$G6)))-Model!$G$24)))*OTCost_Doc)+((MIN(OTCapPct*Model!$G$6,MAX(0,(($J6)/(Cap_Nurse*$C6*(1-$H6)))-Model!$G$6)))*OTCost_Nurse)+((MIN(OTCapPct*Model!$G$15,MAX(0,(($J6)/(Cap_Tech*$C6*(1-$I6)))-Model!$G$15)))*OTCost_Tech)+((MIN(OTCapPct*Model!$G$25,MAX(0,(($K6*(1+0.5*Acuity_E))/(Cap_Doc*$C6*(1-$G6)))-Model!$G$25)))*OTCost_Doc)+((MIN(OTCapPct*Model!$G$7,MAX(0,(($K6)/(Cap_Nurse*$C6*(1-$H6)))-Model!$G$7)))*OTCost_Nurse)+((MIN(OTCapPct*Model!$G$16,MAX(0,(($K6)/(Cap_Tech*$C6*(1-$I6)))-Model!$G$16)))*OTCost_Tech)+((MIN(OTCapPct*Model!$G$26,MAX(0,(($L6*(1+0.5*Acuity_N))/(Cap_Doc*$C6*(1-$G6)))-Model!$G$26)))*OTCost_Doc)+((MIN(OTCapPct*Model!$G$8,MAX(0,(($L6)/(Cap_Nurse*$C6*(1-$H6)))-Model!$G$8)))*OTCost_Nurse)+((MIN(OTCapPct*Model!$G$17,MAX(0,(($L6)/(Cap_Tech*$C6*(1-$I6)))-Model!$G$17)))*OTCost_Tech) -> 27190.67
A7: 3 | B7: =IF(RAND()<P_Normal,"Normal",IF(RAND()<P_Complex/(P_Complex+P_Severe),"Complex","Severe")) -> Complex | C7: =IF(B7="Normal",1,IF(B7="Complex",0.9,0.8)) -> 0.9 | D7: =IF(RAND()<P_Incident,1,0) -> 0 | E7: =RANDBETWEEN(1,3) -> 2 | F7: =1-BedHrVariability+RAND()*2*BedHrVariability -> 0.93450787 | G7: =MIN(0.5,MAX(0,NORMINV(RAND(),BaseAbsence_Doc,SQRT(BaseAbsence_Doc*(1-BaseAbsence_Doc)/Avail_Doc)))) -> 0.067273507 | H7: =MIN(0.5,MAX(0,NORMINV(RAND(),BaseAbsence_Nurse,SQRT(BaseAbsence_Nurse*(1-BaseAbsence_Nurse)/Avail_Nurse)))) -> 0.030041998 | I7: =MIN(0.5,MAX(0,NORMINV(RAND(),BaseAbsence_Tech,SQRT(BaseAbsence_Tech*(1-BaseAbsence_Tech)/Avail_Tech)))) -> 0.0050338959 | J7: =MAX(0,ROUND(NORMINV(RAND(),Arr_M,SD_M)*IF(AND($D7=1,$E7=1),1+IncidentSeverity,1),0)) -> 80 | K7: =MAX(0,ROUND(NORMINV(RAND(),Arr_E,SD_E)*IF(AND($D7=1,$E7=2),1+IncidentSeverity,1),0)) -> 90 | L7: =MAX(0,ROUND(NORMINV(RAND(),Arr_N,SD_N)*IF(AND($D7=1,$E7=3),1+IncidentSeverity,1),0)) -> 71 | M7: =MAX(MAX(0,($J7*(1+0.5*Acuity_M))-(Model!$G$24*(1+OTCapPct)*(Cap_Doc*$C7*(1-$G7)))),MAX(0,($J7)-(Model!$G$6*(1+OTCapPct)*(Cap_Nurse*$C7*(1-$H7)))),MAX(0,($J7)-(Model!$G$15*(1+OTCapPct)*(Cap_Tech*$C7*(1-$I7)))),MAX(0,$J7-((BedsCurrent+BedsAdded)*ShiftHours*$F7/BedHr_M)),MAX(0,$J7*Acuity_M-(ImgBase+ImgExpOn*ImgExpAdd)),MAX(0,$J7-(LabBase+LabExpOn*LabExpAdd))) -> 0 | N7: =MAX(MAX(0,($K7*(1+0.5*Acuity_E))-(Model!$G$25*(1+OTCapPct)*(Cap_Doc*$C7*(1-$G7)))),MAX(0,($K7)-(Model!$G$7*(1+OTCapPct)*(Cap_Nurse*$C7*(1-$H7)))),MAX(0,($K7)-(Model!$G$16*(1+OTCapPct)*(Cap_Tech*$C7*(1-$I7)))),MAX(0,$K7-((BedsCurrent+BedsAdded)*ShiftHours*$F7/BedHr_E)),MAX(0,$K7*Acuity_E-(ImgBase+ImgExpOn*ImgExpAdd)),MAX(0,$K7-(LabBase+LabExpOn*LabExpAdd))) -> 0 | O7: =MAX(MAX(0,($L7*(1+0.5*Acuity_N))-(Model!$G$26*(1+OTCapPct)*(Cap_Doc*$C7*(1-$G7)))),MAX(0,($L7)-(Model!$G$8*(1+OTCapPct)*(Cap_Nurse*$C7*(1-$H7)))),MAX(0,($L7)-(Model!$G$17*(1+OTCapPct)*(Cap_Tech*$C7*(1-$I7)))),MAX(0,$L7-((BedsCurrent+BedsAdded)*ShiftHours*$F7/BedHr_N)),MAX(0,$L7*Acuity_N-(ImgBase+ImgExpOn*ImgExpAdd)),MAX(0,$L7-(LabBase+LabExpOn*LabExpAdd))) -> 6.099154 | P7: =M7+N7+O7 -> 6.099154 | Q7: =((MIN(OTCapPct*Model!$G$24,MAX(0,(($J7*(1+0.5*Acuity_M))/(Cap_Doc*$C7*(1-$G7)))-Model!$G$24)))*OTCost_Doc)+((MIN(OTCapPct*Model!$G$6,MAX(0,(($J7)/(Cap_Nurse*$C7*(1-$H7)))-Model!$G$6)))*OTCost_Nurse)+((MIN(OTCapPct*Model!$G$15,MAX(0,(($J7)/(Cap_Tech*$C7*(1-$I7)))-Model!$G$15)))*OTCost_Tech)+((MIN(OTCapPct*Model!$G$25,MAX(0,(($K7*(1+0.5*Acuity_E))/(Cap_Doc*$C7*(1-$G7)))-Model!$G$25)))*OTCost_Doc)+((MIN(OTCapPct*Model!$G$7,MAX(0,(($K7)/(Cap_Nurse*$C7*(1-$H7)))-Model!$G$7)))*OTCost_Nurse)+((MIN(OTCapPct*Model!$G$16,MAX(0,(($K7)/(Cap_Tech*$C7*(1-$I7)))-Model!$G$16)))*OTCost_Tech)+((MIN(OTCapPct*Model!$G$26,MAX(0,(($L7*(1+0.5*Acuity_N))/(Cap_Doc*$C7*(1-$G7)))-Model!$G$26)))*OTCost_Doc)+((MIN(OTCapPct*Model!$G$8,MAX(0,(($L7)/(Cap_Nurse*$C7*(1-$H7)))-Model!$G$8)))*OTCost_Nurse)+((MIN(OTCapPct*Model!$G$17,MAX(0,(($L7)/(Cap_Tech*$C7*(1-$I7)))-Model!$G$17)))*OTCost_Tech) -> 34531.695
A8: 4 | B8: =IF(RAND()<P_Normal,"Normal",IF(RAND()<P_Complex/(P_Complex+P_Severe),"Complex","Severe")) -> Normal | C8: =IF(B8="Normal",1,IF(B8="Complex",0.9,0.8)) -> 1 | D8: =IF(RAND()<P_Incident,1,0) -> 0 | E8: =RANDBETWEEN(1,3) -> 2 | F8: =1-BedHrVariability+RAND()*2*BedHrVariability -> 0.9400765 | G8: =MIN(0.5,MAX(0,NORMINV(RAND(),BaseAbsence_Doc,SQRT(BaseAbsence_Doc*(1-BaseAbsence_Doc)/Avail_Doc)))) -> 0.042270655 | H8: =MIN(0.5,MAX(0,NORMINV(RAND(),BaseAbsence_Nurse,SQRT(BaseAbsence_Nurse*(1-BaseAbsence_Nurse)/Avail_Nurse)))) -> 0.15159474 | I8: =MIN(0.5,MAX(0,NORMINV(RAND(),BaseAbsence_Tech,SQRT(BaseAbsence_Tech*(1-BaseAbsence_Tech)/Avail_Tech)))) -> 0 | J8: =MAX(0,ROUND(NORMINV(RAND(),Arr_M,SD_M)*IF(AND($D8=1,$E8=1),1+IncidentSeverity,1),0)) -> 78 | K8: =MAX(0,ROUND(NORMINV(RAND(),Arr_E,SD_E)*IF(AND($D8=1,$E8=2),1+IncidentSeverity,1),0)) -> 158 | L8: =MAX(0,ROUND(NORMINV(RAND(),Arr_N,SD_N)*IF(AND($D8=1,$E8=3),1+IncidentSeverity,1),0)) -> 69 | M8: =MAX(MAX(0,($J8*(1+0.5*Acuity_M))-(Model!$G$24*(1+OTCapPct)*(Cap_Doc*$C8*(1-$G8)))),MAX(0,($J8)-(Model!$G$6*(1+OTCapPct)*(Cap_Nurse*$C8*(1-$H8)))),MAX(0,($J8)-(Model!$G$15*(1+OTCapPct)*(Cap_Tech*$C8*(1-$I8)))),MAX(0,$J8-((BedsCurrent+BedsAdded)*ShiftHours*$F8/BedHr_M)),MAX(0,$J8*Acuity_M-(ImgBase+ImgExpOn*ImgExpAdd)),MAX(0,$J8-(LabBase+LabExpOn*LabExpAdd))) -> 0 | N8: =MAX(MAX(0,($K8*(1+0.5*Acuity_E))-(Model!$G$25*(1+OTCapPct)*(Cap_Doc*$C8*(1-$G8)))),MAX(0,($K8)-(Model!$G$7*(1+OTCapPct)*(Cap_Nurse*$C8*(1-$H8)))),MAX(0,($K8)-(Model!$G$16*(1+OTCapPct)*(Cap_Tech*$C8*(1-$I8)))),MAX(0,$K8-((BedsCurrent+BedsAdded)*ShiftHours*$F8/BedHr_E)),MAX(0,$K8*Acuity_E-(ImgBase+ImgExpOn*ImgExpAdd)),MAX(0,$K8-(LabBase+LabExpOn*LabExpAdd))) -> 63 | O8: =MAX(MAX(0,($L8*(1+0.5*Acuity_N))-(Model!$G$26*(1+OTCapPct)*(Cap_Doc*$C8*(1-$G8)))),MAX(0,($L8)-(Model!$G$8*(1+OTCapPct)*(Cap_Nurse*$C8*(1-$H8)))),MAX(0,($L8)-(Model!$G$17*(1+OTCapPct)*(Cap_Tech*$C8*(1-$I8)))),MAX(0,$L8-((BedsCurrent+BedsAdded)*ShiftHours*$F8/BedHr_N)),MAX(0,$L8*Acuity_N-(ImgBase+ImgExpOn*ImgExpAdd)),MAX(0,$L8-(LabBase+LabExpOn*LabExpAdd))) -> 0 | P8: =M8+N8+O8 -> 63 | Q8: =((MIN(OTCapPct*Model!$G$24,MAX(0,(($J8*(1+0.5*Acuity_M))/(Cap_Doc*$C8*(1-$G8)))-Model!$G$24)))*OTCost_Doc)+((MIN(OTCapPct*Model!$G$6,MAX(0,(($J8)/(Cap_Nurse*$C8*(1-$H8)))-Model!$G$6)))*OTCost_Nurse)+((MIN(OTCapPct*Model!$G$15,MAX(0,(($J8)/(Cap_Tech*$C8*(1-$I8)))-Model!$G$15)))*OTCost_Tech)+((MIN(OTCapPct*Model!$G$25,MAX(0,(($K8*(1+0.5*Acuity_E))/(Cap_Doc*$C8*(1-$G8)))-Model!$G$25)))*OTCost_Doc)+((MIN(OTCapPct*Model!$G$7,MAX(0,(($K8)/(Cap_Nurse*$C8*(1-$H8)))-Model!$G$7)))*OTCost_Nurse)+((MIN(OTCapPct*Model!$G$16,MAX(0,(($K8)/(Cap_Tech*$C8*(1-$I8)))-Model!$G$16)))*OTCost_Tech)+((MIN(OTCapPct*Model!$G$26,MAX(0,(($L8*(1+0.5*Acuity_N))/(Cap_Doc*$C8*(1-$G8)))-Model!$G$26)))*OTCost_Doc)+((MIN(OTCapPct*Model!$G$8,MAX(0,(($L8)/(Cap_Nurse*$C8*(1-$H8)))-Model!$G$8)))*OTCost_Nurse)+((MIN(OTCapPct*Model!$G$17,MAX(0,(($L8)/(Cap_Tech*$C8*(1-$I8)))-Model!$G$17)))*OTCost_Tech) -> 62667.709
A9: 5 | B9: =IF(RAND()<P_Normal,"Normal",IF(RAND()<P_Complex/(P_Complex+P_Severe),"Complex","Severe")) -> Complex | C9: =IF(B9="Normal",1,IF(B9="Complex",0.9,0.8)) -> 0.9 | D9: =IF(RAND()<P_Incident,1,0) -> 0 | E9: =RANDBETWEEN(1,3) -> 3 | F9: =1-BedHrVariability+RAND()*2*BedHrVariability -> 0.99936527 | G9: =MIN(0.5,MAX(0,NORMINV(RAND(),BaseAbsence_Doc,SQRT(BaseAbsence_Doc*(1-BaseAbsence_Doc)/Avail_Doc)))) -> 0.0082469462 | H9: =MIN(0.5,MAX(0,NORMINV(RAND(),BaseAbsence_Nurse,SQRT(BaseAbsence_Nurse*(1-BaseAbsence_Nurse)/Avail_Nurse)))) -> 0.050898027 | I9: =MIN(0.5,MAX(0,NORMINV(RAND(),BaseAbsence_Tech,SQRT(BaseAbsence_Tech*(1-BaseAbsence_Tech)/Avail_Tech)))) -> 0.12685448 | J9: =MAX(0,ROUND(NORMINV(RAND(),Arr_M,SD_M)*IF(AND($D9=1,$E9=1),1+IncidentSeverity,1),0)) -> 76 | K9: =MAX(0,ROUND(NORMINV(RAND(),Arr_E,SD_E)*IF(AND($D9=1,$E9=2),1+IncidentSeverity,1),0)) -> 121 | L9: =MAX(0,ROUND(NORMINV(RAND(),Arr_N,SD_N)*IF(AND($D9=1,$E9=3),1+IncidentSeverity,1),0)) -> 62 | M9: =MAX(MAX(0,($J9*(1+0.5*Acuity_M))-(Model!$G$24*(1+OTCapPct)*(Cap_Doc*$C9*(1-$G9)))),MAX(0,($J9)-(Model!$G$6*(1+OTCapPct)*(Cap_Nurse*$C9*(1-$H9)))),MAX(0,($J9)-(Model!$G$15*(1+OTCapPct)*(Cap_Tech*$C9*(1-$I9)))),MAX(0,$J9-((BedsCurrent+BedsAdded)*ShiftHours*$F9/BedHr_M)),MAX(0,$J9*Acuity_M-(ImgBase+ImgExpOn*ImgExpAdd)),MAX(0,$J9-(LabBase+LabExpOn*LabExpAdd))) -> 0 | N9: =MAX(MAX(0,($K9*(1+0.5*Acuity_E))-(Model!$G$25*(1+OTCapPct)*(Cap_Doc*$C9*(1-$G9)))),MAX(0,($K9)-(Model!$G$7*(1+OTCapPct)*(Cap_Nurse*$C9*(1-$H9)))),MAX(0,($K9)-(Model!$G$16*(1+OTCapPct)*(Cap_Tech*$C9*(1-$I9)))),MAX(0,$K9-((BedsCurrent+BedsAdded)*ShiftHours*$F9/BedHr_E)),MAX(0,$K9*Acuity_E-(ImgBase+ImgExpOn*ImgExpAdd)),MAX(0,$K9-(LabBase+LabExpOn*LabExpAdd))) -> 26 | O9: =MAX(MAX(0,($L9*(1+0.5*Acuity_N))-(Model!$G$26*(1+OTCapPct)*(Cap_Doc*$C9*(1-$G9)))),MAX(0,($L9)-(Model!$G$8*(1+OTCapPct)*(Cap_Nurse*$C9*(1-$H9)))),MAX(0,($L9)-(Model!$G$17*(1+OTCapPct)*(Cap_Tech*$C9*(1-$I9)))),MAX(0,$L9-((BedsCurrent+BedsAdded)*ShiftHours*$F9/BedHr_N)),MAX(0,$L9*Acuity_N-(ImgBase+ImgExpOn*ImgExpAdd)),MAX(0,$L9-(LabBase+LabExpOn*LabExpAdd))) -> 0 | P9: =M9+N9+O9 -> 26 | Q9: =((MIN(OTCapPct*Model!$G$24,MAX(0,(($J9*(1+0.5*Acuity_M))/(Cap_Doc*$C9*(1-$G9)))-Model!$G$24)))*OTCost_Doc)+((MIN(OTCapPct*Model!$G$6,MAX(0,(($J9)/(Cap_Nurse*$C9*(1-$H9)))-Model!$G$6)))*OTCost_Nurse)+((MIN(OTCapPct*Model!$G$15,MAX(0,(($J9)/(Cap_Tech*$C9*(1-$I9)))-Model!$G$15)))*OTCost_Tech)+((MIN(OTCapPct*Model!$G$25,MAX(0,(($K9*(1+0.5*Acuity_E))/(Cap_Doc*$C9*(1-$G9)))-Model!$G$25)))*OTCost_Doc)+((MIN(OTCapPct*Model!$G$7,MAX(0,(($K9)/(Cap_Nurse*$C9*(1-$H9)))-Model!$G$7)))*OTCost_Nurse)+((MIN(OTCapPct*Model!$G$16,MAX(0,(($K9)/(Cap_Tech*$C9*(1-$I9)))-Model!$G$16)))*OTCost_Tech)+((MIN(OTCapPct*Model!$G$26,MAX(0,(($L9*(1+0.5*Acuity_N))/(Cap_Doc*$C9*(1-$G9)))-Model!$G$26)))*OTCost_Doc)+((MIN(OTCapPct*Model!$G$8,MAX(0,(($L9)/(Cap_Nurse*$C9*(1-$H9)))-Model!$G$8)))*OTCost_Nurse)+((MIN(OTCapPct*Model!$G$17,MAX(0,(($L9)/(Cap_Tech*$C9*(1-$I9)))-Model!$G$17)))*OTCost_Tech) -> 51559.091
A10: 6 | B10: =IF(RAND()<P_Normal,"Normal",IF(RAND()<P_Complex/(P_Complex+P_Severe),"Complex","Severe")) -> Normal | C10: =IF(B10="Normal",1,IF(B10="Complex",0.9,0.8)) -> 1 | D10: =IF(RAND()<P_Incident,1,0) -> 0 | E10: =RANDBETWEEN(1,3) -> 3 | F10: =1-BedHrVariability+RAND()*2*BedHrVariability -> 1.0007194 | G10: =MIN(0.5,MAX(0,NORMINV(RAND(),BaseAbsence_Doc,SQRT(BaseAbsence_Doc*(1-BaseAbsence_Doc)/Avail_Doc)))) -> 0.12398619 | H10: =MIN(0.5,MAX(0,NORMINV(RAND(),BaseAbsence_Nurse,SQRT(BaseAbsence_Nurse*(1-BaseAbsence_Nurse)/Avail_Nurse)))) -> 0.075988532 | I10: =MIN(0.5,MAX(0,NORMINV(RAND(),BaseAbsence_Tech,SQRT(BaseAbsence_Tech*(1-BaseAbsence_Tech)/Avail_Tech)))) -> 0.014853497 | J10: =MAX(0,ROUND(NORMINV(RAND(),Arr_M,SD_M)*IF(AND($D10=1,$E10=1),1+IncidentSeverity,1),0)) -> 88 | K10: =MAX(0,ROUND(NORMINV(RAND(),Arr_E,SD_E)*IF(AND($D10=1,$E10=2),1+IncidentSeverity,1),0)) -> 112 | L10: =MAX(0,ROUND(NORMINV(RAND(),Arr_N,SD_N)*IF(AND($D10=1,$E10=3),1+IncidentSeverity,1),0)) -> 59 | M10: =MAX(MAX(0,($J10*(1+0.5*Acuity_M))-(Model!$G$24*(1+OTCapPct)*(Cap_Doc*$C10*(1-$G10)))),MAX(0,($J10)-(Model!$G$6*(1+OTCapPct)*(Cap_Nurse*$C10*(1-$H10)))),MAX(0,($J10)-(Model!$G$15*(1+OTCapPct)*(Cap_Tech*$C10*(1-$I10)))),MAX(0,$J10-((BedsCurrent+BedsAdded)*ShiftHours*$F10/BedHr_M)),MAX(0,$J10*Acuity_M-(ImgBase+ImgExpOn*ImgExpAdd)),MAX(0,$J10-(LabBase+LabExpOn*LabExpAdd))) -> 0 | N10: =MAX(MAX(0,($K10*(1+0.5*Acuity_E))-(Model!$G$25*(1+OTCapPct)*(Cap_Doc*$C10*(1-$G10)))),MAX(0,($K10)-(Model!$G$7*(1+OTCapPct)*(Cap_Nurse*$C10*(1-$H10)))),MAX(0,($K10)-(Model!$G$16*(1+OTCapPct)*(Cap_Tech*$C10*(1-$I10)))),MAX(0,$K10-((BedsCurrent+BedsAdded)*ShiftHours*$F10/BedHr_E)),MAX(0,$K10*Acuity_E-(ImgBase+ImgExpOn*ImgExpAdd)),MAX(0,$K10-(LabBase+LabExpOn*LabExpAdd))) -> 17 | O10: =MAX(MAX(0,($L10*(1+0.5*Acuity_N))-(Model!$G$26*(1+OTCapPct)*(Cap_Doc*$C10*(1-$G10)))),MAX(0,($L10)-(Model!$G$8*(1+OTCapPct)*(Cap_Nurse*$C10*(1-$H10)))),MAX(0,($L10)-(Model!$G$17*(1+OTCapPct)*(Cap_Tech*$C10*(1-$I10)))),MAX(0,$L10-((BedsCurrent+BedsAdded)*ShiftHours*$F10/BedHr_N)),MAX(0,$L10*Acuity_N-(ImgBase+ImgExpOn*ImgExpAdd)),MAX(0,$L10-(LabBase+LabExpOn*LabExpAdd))) -> 0 | P10: =M10+N10+O10 -> 17 | Q10: =((MIN(OTCapPct*Model!$G$24,MAX(0,(($J10*(1+0.5*Acuity_M))/(Cap_Doc*$C10*(1-$G10)))-Model!$G$24)))*OTCost_Doc)+((MIN(OTCapPct*Model!$G$6,MAX(0,(($J10)/(Cap_Nurse*$C10*(1-$H10)))-Model!$G$6)))*OTCost_Nurse)+((MIN(OTCapPct*Model!$G$15,MAX(0,(($J10)/(Cap_Tech*$C10*(1-$I10)))-Model!$G$15)))*OTCost_Tech)+((MIN(OTCapPct*Model!$G$25,MAX(0,(($K10*(1+0.5*Acuity_E))/(Cap_Doc*$C10*(1-$G10)))-Model!$G$25)))*OTCost_Doc)+((MIN(OTCapPct*Model!$G$7,MAX(0,(($K10)/(Cap_Nurse*$C10*(1-$H10)))-Model!$G$7)))*OTCost_Nurse)+((MIN(OTCapPct*Model!$G$16,MAX(0,(($K10)/(Cap_Tech*$C10*(1-$I10)))-Model!$G$16)))*OTCost_Tech)+((MIN(OTCapPct*Model!$G$26,MAX(0,(($L10*(1+0.5*Acuity_N))/(Cap_Doc*$C10*(1-$G10)))-Model!$G$26)))*OTCost_Doc)+((MIN(OTCapPct*Model!$G$8,MAX(0,(($L10)/(Cap_Nurse*$C10*(1-$H10)))-Model!$G$8)))*OTCost_Nurse)+((MIN(OTCapPct*Model!$G$17,MAX(0,(($L10)/(Cap_Tech*$C10*(1-$I10)))-Model!$G$17)))*OTCost_Tech) -> 41774.413
A11: 7 | B11: =IF(RAND()<P_Normal,"Normal",IF(RAND()<P_Complex/(P_Complex+P_Severe),"Complex","Severe")) -> Normal | C11: =IF(B11="Normal",1,IF(B11="Complex",0.9,0.8)) -> 1 | D11: =IF(RAND()<P_Incident,1,0) -> 0 | E11: =RANDBETWEEN(1,3) -> 3 | F11: =1-BedHrVariability+RAND()*2*BedHrVariability -> 0.84854379 | G11: =MIN(0.5,MAX(0,NORMINV(RAND(),BaseAbsence_Doc,SQRT(BaseAbsence_Doc*(1-BaseAbsence_Doc)/Avail_Doc)))) -> 0 | H11: =MIN(0.5,MAX(0,NORMINV(RAND(),BaseAbsence_Nurse,SQRT(BaseAbsence_Nurse*(1-BaseAbsence_Nurse)/Avail_Nurse)))) -> 0.10119671 | I11: =MIN(0.5,MAX(0,NORMINV(RAND(),BaseAbsence_Tech,SQRT(BaseAbsence_Tech*(1-BaseAbsence_Tech)/Avail_Tech)))) -> 0.055520456 | J11: =MAX(0,ROUND(NORMINV(RAND(),Arr_M,SD_M)*IF(AND($D11=1,$E11=1),1+IncidentSeverity,1),0)) -> 95 | K11: =MAX(0,ROUND(NORMINV(RAND(),Arr_E,SD_E)*IF(AND($D11=1,$E11=2),1+IncidentSeverity,1),0)) -> 107 | L11: =MAX(0,ROUND(NORMINV(RAND(),Arr_N,SD_N)*IF(AND($D11=1,$E11=3),1+IncidentSeverity,1),0)) -> 60 | M11: =MAX(MAX(0,($J11*(1+0.5*Acuity_M))-(Model!$G$24*(1+OTCapPct)*(Cap_Doc*$C11*(1-$G11)))),MAX(0,($J11)-(Model!$G$6*(1+OTCapPct)*(Cap_Nurse*$C11*(1-$H11)))),MAX(0,($J11)-(Model!$G$15*(1+OTCapPct)*(Cap_Tech*$C11*(1-$I11)))),MAX(0,$J11-((BedsCurrent+BedsAdded)*ShiftHours*$F11/BedHr_M)),MAX(0,$J11*Acuity_M-(ImgBase+ImgExpOn*ImgExpAdd)),MAX(0,$J11-(LabBase+LabExpOn*LabExpAdd))) -> 0.62565485 | N11: =MAX(MAX(0,($K11*(1+0.5*Acuity_E))-(Model!$G$25*(1+OTCapPct)*(Cap_Doc*$C11*(1-$G11)))),MAX(0,($K11)-(Model!$G$7*(1+OTCapPct)*(Cap_Nurse*$C11*(1-$H11)))),MAX(0,($K11)-(Model!$G$16*(1+OTCapPct)*(Cap_Tech*$C11*(1-$I11)))),MAX(0,$K11-((BedsCurrent+BedsAdded)*ShiftHours*$F11/BedHr_E)),MAX(0,$K11*Acuity_E-(ImgBase+ImgExpOn*ImgExpAdd)),MAX(0,$K11-(LabBase+LabExpOn*LabExpAdd))) -> 14.678436 | O11: =MAX(MAX(0,($L11*(1+0.5*Acuity_N))-(Model!$G$26*(1+OTCapPct)*(Cap_Doc*$C11*(1-$G11)))),MAX(0,($L11)-(Model!$G$8*(1+OTCapPct)*(Cap_Nurse*$C11*(1-$H11)))),MAX(0,($L11)-(Model!$G$17*(1+OTCapPct)*(Cap_Tech*$C11*(1-$I11)))),MAX(0,$L11-((BedsCurrent+BedsAdded)*ShiftHours*$F11/BedHr_N)),MAX(0,$L11*Acuity_N-(ImgBase+ImgExpOn*ImgExpAdd)),MAX(0,$L11-(LabBase+LabExpOn*LabExpAdd))) -> 0 | P11: =M11+N11+O11 -> 15.304091 | Q11: =((MIN(OTCapPct*Model!$G$24,MAX(0,(($J11*(1+0.5*Acuity_M))/(Cap_Doc*$C11*(1-$G11)))-Model!$G$24)))*OTCost_Doc)+((MIN(OTCapPct*Model!$G$6,MAX(0,(($J11)/(Cap_Nurse*$C11*(1-$H11)))-Model!$G$6)))*OTCost_Nurse)+((MIN(OTCapPct*Model!$G$15,MAX(0,(($J11)/(Cap_Tech*$C11*(1-$I11)))-Model!$G$15)))*OTCost_Tech)+((MIN(OTCapPct*Model!$G$25,MAX(0,(($K11*(1+0.5*Acuity_E))/(Cap_Doc*$C11*(1-$G11)))-Model!$G$25)))*OTCost_Doc)+((MIN(OTCapPct*Model!$G$7,MAX(0,(($K11)/(Cap_Nurse*$C11*(1-$H11)))-Model!$G$7)))*OTCost_Nurse)+((MIN(OTCapPct*Model!$G$16,MAX(0,(($K11)/(Cap_Tech*$C11*(1-$I11)))-Model!$G$16)))*OTCost_Tech)+((MIN(OTCapPct*Model!$G$26,MAX(0,(($L11*(1+0.5*Acuity_N))/(Cap_Doc*$C11*(1-$G11)))-Model!$G$26)))*OTCost_Doc)+((MIN(OTCapPct*Model!$G$8,MAX(0,(($L11)/(Cap_Nurse*$C11*(1-$H11)))-Model!$G$8)))*OTCost_Nurse)+((MIN(OTCapPct*Model!$G$17,MAX(0,(($L11)/(Cap_Tech*$C11*(1-$I11)))-Model!$G$17)))*OTCost_Tech) -> 24726.583
A12: 8 | B12: =IF(RAND()<P_Normal,"Normal",IF(RAND()<P_Complex/(P_Complex+P_Severe),"Complex","Severe")) -> Normal | C12: =IF(B12="Normal",1,IF(B12="Complex",0.9,0.8)) -> 1 | D12: =IF(RAND()<P_Incident,1,0) -> 0 | E12: =RANDBETWEEN(1,3) -> 1 | F12: =1-BedHrVariability+RAND()*2*BedHrVariability -> 0.94136002 | G12: =MIN(0.5,MAX(0,NORMINV(RAND(),BaseAbsence_Doc,SQRT(BaseAbsence_Doc*(1-BaseAbsence_Doc)/Avail_Doc)))) -> 0.092128275 | H12: =MIN(0.5,MAX(0,NORMINV(RAND(),BaseAbsence_Nurse,SQRT(BaseAbsence_Nurse*(1-BaseAbsence_Nurse)/Avail_Nurse)))) -> 0.091207682 | I12: =MIN(0.5,MAX(0,NORMINV(RAND(),BaseAbsence_Tech,SQRT(BaseAbsence_Tech*(1-BaseAbsence_Tech)/Avail_Tech)))) -> 0.082686461 | J12: =MAX(0,ROUND(NORMINV(RAND(),Arr_M,SD_M)*IF(AND($D12=1,$E12=1),1+IncidentSeverity,1),0)) -> 81 | K12: =MAX(0,ROUND(NORMINV(RAND(),Arr_E,SD_E)*IF(AND($D12=1,$E12=2),1+IncidentSeverity,1),0)) -> 100 | L12: =MAX(0,ROUND(NORMINV(RAND(),Arr_N,SD_N)*IF(AND($D12=1,$E12=3),1+IncidentSeverity,1),0)) -> 68 | M12: =MAX(MAX(0,($J12*(1+0.5*Acuity_M))-(Model!$G$24*(1+OTCapPct)*(Cap_Doc*$C12*(1-$G12)))),MAX(0,($J12)-(Model!$G$6*(1+OTCapPct)*(Cap_Nurse*$C12*(1-$H12)))),MAX(0,($J12)-(Model!$G$15*(1+OTCapPct)*(Cap_Tech*$C12*(1-$I12)))),MAX(0,$J12-((BedsCurrent+BedsAdded)*ShiftHours*$F12/BedHr_M)),MAX(0,$J12*Acuity_M-(ImgBase+ImgExpOn*ImgExpAdd)),MAX(0,$J12-(LabBase+LabExpOn*LabExpAdd))) -> 0 | N12: =MAX(MAX(0,($K12*(1+0.5*Acuity_E))-(Model!$G$25*(1+OTCapPct)*(Cap_Doc*$C12*(1-$G12)))),MAX(0,($K12)-(Model!$G$7*(1+OTCapPct)*(Cap_Nurse*$C12*(1-$H12)))),MAX(0,($K12)-(Model!$G$16*(1+OTCapPct)*(Cap_Tech*$C12*(1-$I12)))),MAX(0,$K12-((BedsCurrent+BedsAdded)*ShiftHours*$F12/BedHr_E)),MAX(0,$K12*Acuity_E-(ImgBase+ImgExpOn*ImgExpAdd)),MAX(0,$K12-(LabBase+LabExpOn*LabExpAdd))) -> 5 | O12: =MAX(MAX(0,($L12*(1+0.5*Acuity_N))-(Model!$G$26*(1+OTCapPct)*(Cap_Doc*$C12*(1-$G12)))),MAX(0,($L12)-(Model!$G$8*(1+OTCapPct)*(Cap_Nurse*$C12*(1-$H12)))),MAX(0,($L12)-(Model!$G$17*(1+OTCapPct)*(Cap_Tech*$C12*(1-$I12)))),MAX(0,$L12-((BedsCurrent+BedsAdded)*ShiftHours*$F12/BedHr_N)),MAX(0,$L12*Acuity_N-(ImgBase+ImgExpOn*ImgExpAdd)),MAX(0,$L12-(LabBase+LabExpOn*LabExpAdd))) -> 0 | P12: =M12+N12+O12 -> 5 | Q12: =((MIN(OTCapPct*Model!$G$24,MAX(0,(($J12*(1+0.5*Acuity_M))/(Cap_Doc*$C12*(1-$G12)))-Model!$G$24)))*OTCost_Doc)+((MIN(OTCapPct*Model!$G$6,MAX(0,(($J12)/(Cap_Nurse*$C12*(1-$H12)))-Model!$G$6)))*OTCost_Nurse)+((MIN(OTCapPct*Model!$G$15,MAX(0,(($J12)/(Cap_Tech*$C12*(1-$I12)))-Model!$G$15)))*OTCost_Tech)+((MIN(OTCapPct*Model!$G$25,MAX(0,(($K12*(1+0.5*Acuity_E))/(Cap_Doc*$C12*(1-$G12)))-Model!$G$25)))*OTCost_Doc)+((MIN(OTCapPct*Model!$G$7,MAX(0,(($K12)/(Cap_Nurse*$C12*(1-$H12)))-Model!$G$7)))*OTCost_Nurse)+((MIN(OTCapPct*Model!$G$16,MAX(0,(($K12)/(Cap_Tech*$C12*(1-$I12)))-Model!$G$16)))*OTCost_Tech)+((MIN(OTCapPct*Model!$G$26,MAX(0,(($L12*(1+0.5*Acuity_N))/(Cap_Doc*$C12*(1-$G12)))-Model!$G$26)))*OTCost_Doc)+((MIN(OTCapPct*Model!$G$8,MAX(0,(($L12)/(Cap_Nurse*$C12*(1-$H12)))-Model!$G$8)))*OTCost_Nurse)+((MIN(OTCapPct*Model!$G$17,MAX(0,(($L12)/(Cap_Tech*$C12*(1-$I12)))-Model!$G$17)))*OTCost_Tech) -> 21685.334
A13: 9 | B13: =IF(RAND()<P_Normal,"Normal",IF(RAND()<P_Complex/(P_Complex+P_Severe),"Complex","Severe")) -> Normal | C13: =IF(B13="Normal",1,IF(B13="Complex",0.9,0.8)) -> 1 | D13: =IF(RAND()<P_Incident,1,0) -> 0 | E13: =RANDBETWEEN(1,3) -> 3 | F13: =1-BedHrVariability+RAND()*2*BedHrVariability -> 0.88256789 | G13: =MIN(0.5,MAX(0,NORMINV(RAND(),BaseAbsence_Doc,SQRT(BaseAbsence_Doc*(1-BaseAbsence_Doc)/Avail_Doc)))) -> 0.021581746 | H13: =MIN(0.5,MAX(0,NORMINV(RAND(),BaseAbsence_Nurse,SQRT(BaseAbsence_Nurse*(1-BaseAbsence_Nurse)/Avail_Nurse)))) -> 0.064709354 | I13: =MIN(0.5,MAX(0,NORMINV(RAND(),BaseAbsence_Tech,SQRT(BaseAbsence_Tech*(1-BaseAbsence_Tech)/Avail_Tech)))) -> 0.016668083 | J13: =MAX(0,ROUND(NORMINV(RAND(),Arr_M,SD_M)*IF(AND($D13=1,$E13=1),1+IncidentSeverity,1),0)) -> 72 | K13: =MAX(0,ROUND(NORMINV(RAND(),Arr_E,SD_E)*IF(AND($D13=1,$E13=2),1+IncidentSeverity,1),0)) -> 112 | L13: =MAX(0,ROUND(NORMINV(RAND(),Arr_N,SD_N)*IF(AND($D13=1,$E13=3),1+IncidentSeverity,1),0)) -> 74 | M13: =MAX(MAX(0,($J13*(1+0.5*Acuity_M))-(Model!$G$24*(1+OTCapPct)*(Cap_Doc*$C13*(1-$G13)))),MAX(0,($J13)-(Model!$G$6*(1+OTCapPct)*(Cap_Nurse*$C13*(1-$H13)))),MAX(0,($J13)-(Model!$G$15*(1+OTCapPct)*(Cap_Tech*$C13*(1-$I13)))),MAX(0,$J13-((BedsCurrent+BedsAdded)*ShiftHours*$F13/BedHr_M)),MAX(0,$J13*Acuity_M-(ImgBase+ImgExpOn*ImgExpAdd)),MAX(0,$J13-(LabBase+LabExpOn*LabExpAdd))) -> 0 | N13: =MAX(MAX(0,($K13*(1+0.5*Acuity_E))-(Model!$G$25*(1+OTCapPct)*(Cap_Doc*$C13*(1-$G13)))),MAX(0,($K13)-(Model!$G$7*(1+OTCapPct)*(Cap_Nurse*$C13*(1-$H13)))),MAX(0,($K13)-(Model!$G$16*(1+OTCapPct)*(Cap_Tech*$C13*(1-$I13)))),MAX(0,$K13-((BedsCurrent+BedsAdded)*ShiftHours*$F13/BedHr_E)),MAX(0,$K13*Acuity_E-(ImgBase+ImgExpOn*ImgExpAdd)),MAX(0,$K13-(LabBase+LabExpOn*LabExpAdd))) -> 17 | O13: =MAX(MAX(0,($L13*(1+0.5*Acuity_N))-(Model!$G$26*(1+OTCapPct)*(Cap_Doc*$C13*(1-$G13)))),MAX(0,($L13)-(Model!$G$8*(1+OTCapPct)*(Cap_Nurse*$C13*(1-$H13)))),MAX(0,($L13)-(Model!$G$17*(1+OTCapPct)*(Cap_Tech*$C13*(1-$I13)))),MAX(0,$L13-((BedsCurrent+BedsAdded)*ShiftHours*$F13/BedHr_N)),MAX(0,$L13*Acuity_N-(ImgBase+ImgExpOn*ImgExpAdd)),MAX(0,$L13-(LabBase+LabExpOn*LabExpAdd))) -> 0 | P13: =M13+N13+O13 -> 17 | Q13: =((MIN(OTCapPct*Model!$G$24,MAX(0,(($J13*(1+0.5*Acuity_M))/(Cap_Doc*$C13*(1-$G13)))-Model!$G$24)))*OTCost_Doc)+((MIN(OTCapPct*Model!$G$6,MAX(0,(($J13)/(Cap_Nurse*$C13*(1-$H13)))-Model!$G$6)))*OTCost_Nurse)+((MIN(OTCapPct*Model!$G$15,MAX(0,(($J13)/(Cap_Tech*$C13*(1-$I13)))-Model!$G$15)))*OTCost_Tech)+((MIN(OTCapPct*Model!$G$25,MAX(0,(($K13*(1+0.5*Acuity_E))/(Cap_Doc*$C13*(1-$G13)))-Model!$G$25)))*OTCost_Doc)+((MIN(OTCapPct*Model!$G$7,MAX(0,(($K13)/(Cap_Nurse*$C13*(1-$H13)))-Model!$G$7)))*OTCost_Nurse)+((MIN(OTCapPct*Model!$G$16,MAX(0,(($K13)/(Cap_Tech*$C13*(1-$I13)))-Model!$G$16)))*OTCost_Tech)+((MIN(OTCapPct*Model!$G$26,MAX(0,(($L13*(1+0.5*Acuity_N))/(Cap_Doc*$C13*(1-$G13)))-Model!$G$26)))*OTCost_Doc)+((MIN(OTCapPct*Model!$G$8,MAX(0,(($L13)/(Cap_Nurse*$C13*(1-$H13)))-Model!$G$8)))*OTCost_Nurse)+((MIN(OTCapPct*Model!$G$17,MAX(0,(($L13)/(Cap_Tech*$C13*(1-$I13)))-Model!$G$17)))*OTCost_Tech) -> 18461.646
A14: 10 | B14: =IF(RAND()<P_Normal,"Normal",IF(RAND()<P_Complex/(P_Complex+P_Severe),"Complex","Severe")) -> Normal | C14: =IF(B14="Normal",1,IF(B14="Complex",0.9,0.8)) -> 1 | D14: =IF(RAND()<P_Incident,1,0) -> 0 | E14: =RANDBETWEEN(1,3) -> 2 | F14: =1-BedHrVariability+RAND()*2*BedHrVariability -> 0.95769052 | G14: =MIN(0.5,MAX(0,NORMINV(RAND(),BaseAbsence_Doc,SQRT(BaseAbsence_Doc*(1-BaseAbsence_Doc)/Avail_Doc)))) -> 0 | H14: =MIN(0.5,MAX(0,NORMINV(RAND(),BaseAbsence_Nurse,SQRT(BaseAbsence_Nurse*(1-BaseAbsence_Nurse)/Avail_Nurse)))) -> 0 | I14: =MIN(0.5,MAX(0,NORMINV(RAND(),BaseAbsence_Tech,SQRT(BaseAbsence_Tech*(1-BaseAbsence_Tech)/Avail_Tech)))) -> 0 | J14: =MAX(0,ROUND(NORMINV(RAND(),Arr_M,SD_M)*IF(AND($D14=1,$E14=1),1+IncidentSeverity,1),0)) -> 81 | K14: =MAX(0,ROUND(NORMINV(RAND(),Arr_E,SD_E)*IF(AND($D14=1,$E14=2),1+IncidentSeverity,1),0)) -> 125 | L14: =MAX(0,ROUND(NORMINV(RAND(),Arr_N,SD_N)*IF(AND($D14=1,$E14=3),1+IncidentSeverity,1),0)) -> 76 | M14: =MAX(MAX(0,($J14*(1+0.5*Acuity_M))-(Model!$G$24*(1+OTCapPct)*(Cap_Doc*$C14*(1-$G14)))),MAX(0,($J14)-(Model!$G$6*(1+OTCapPct)*(Cap_Nurse*$C14*(1-$H14)))),MAX(0,($J14)-(Model!$G$15*(1+OTCapPct)*(Cap_Tech*$C14*(1-$I14)))),MAX(0,$J14-((BedsCurrent+BedsAdded)*ShiftHours*$F14/BedHr_M)),MAX(0,$J14*Acuity_M-(ImgBase+ImgExpOn*ImgExpAdd)),MAX(0,$J14-(LabBase+LabExpOn*LabExpAdd))) -> 0 | N14: =MAX(MAX(0,($K14*(1+0.5*Acuity_E))-(Model!$G$25*(1+OTCapPct)*(Cap_Doc*$C14*(1-$G14)))),MAX(0,($K14)-(Model!$G$7*(1+OTCapPct)*(Cap_Nurse*$C14*(1-$H14)))),MAX(0,($K14)-(Model!$G$16*(1+OTCapPct)*(Cap_Tech*$C14*(1-$I14)))),MAX(0,$K14-((BedsCurrent+BedsAdded)*ShiftHours*$F14/BedHr_E)),MAX(0,$K14*Acuity_E-(ImgBase+ImgExpOn*ImgExpAdd)),MAX(0,$K14-(LabBase+LabExpOn*LabExpAdd))) -> 30 | O14: =MAX(MAX(0,($L14*(1+0.5*Acuity_N))-(Model!$G$26*(1+OTCapPct)*(Cap_Doc*$C14*(1-$G14)))),MAX(0,($L14)-(Model!$G$8*(1+OTCapPct)*(Cap_Nurse*$C14*(1-$H14)))),MAX(0,($L14)-(Model!$G$17*(1+OTCapPct)*(Cap_Tech*$C14*(1-$I14)))),MAX(0,$L14-((BedsCurrent+BedsAdded)*ShiftHours*$F14/BedHr_N)),MAX(0,$L14*Acuity_N-(ImgBase+ImgExpOn*ImgExpAdd)),MAX(0,$L14-(LabBase+LabExpOn*LabExpAdd))) -> 0 | P14: =M14+N14+O14 -> 30 | Q14: =((MIN(OTCapPct*Model!$G$24,MAX(0,(($J14*(1+0.5*Acuity_M))/(Cap_Doc*$C14*(1-$G14)))-Model!$G$24)))*OTCost_Doc)+((MIN(OTCapPct*Model!$G$6,MAX(0,(($J14)/(Cap_Nurse*$C14*(1-$H14)))-Model!$G$6)))*OTCost_Nurse)+((MIN(OTCapPct*Model!$G$15,MAX(0,(($J14)/(Cap_Tech*$C14*(1-$I14)))-Model!$G$15)))*OTCost_Tech)+((MIN(OTCapPct*Model!$G$25,MAX(0,(($K14*(1+0.5*Acuity_E))/(Cap_Doc*$C14*(1-$G14)))-Model!$G$25)))*OTCost_Doc)+((MIN(OTCapPct*Model!$G$7,MAX(0,(($K14)/(Cap_Nurse*$C14*(1-$H14)))-Model!$G$7)))*OTCost_Nurse)+((MIN(OTCapPct*Model!$G$16,MAX(0,(($K14)/(Cap_Tech*$C14*(1-$I14)))-Model!$G$16)))*OTCost_Tech)+((MIN(OTCapPct*Model!$G$26,MAX(0,(($L14*(1+0.5*Acuity_N))/(Cap_Doc*$C14*(1-$G14)))-Model!$G$26)))*OTCost_Doc)+((MIN(OTCapPct*Model!$G$8,MAX(0,(($L14)/(Cap_Nurse*$C14*(1-$H14)))-Model!$G$8)))*OTCost_Nurse)+((MIN(OTCapPct*Model!$G$17,MAX(0,(($L14)/(Cap_Tech*$C14*(1-$I14)))-Model!$G$17)))*OTCost_Tech) -> 29633.333
A15: 11 | B15: =IF(RAND()<P_Normal,"Normal",IF(RAND()<P_Complex/(P_Complex+P_Severe),"Complex","Severe")) -> Complex | C15: =IF(B15="Normal",1,IF(B15="Complex",0.9,0.8)) -> 0.9 | D15: =IF(RAND()<P_Incident,1,0) -> 0 | E15: =RANDBETWEEN(1,3) -> 3 | F15: =1-BedHrVariability+RAND()*2*BedHrVariability -> 0.90755643 | G15: =MIN(0.5,MAX(0,NORMINV(RAND(),BaseAbsence_Doc,SQRT(BaseAbsence_Doc*(1-BaseAbsence_Doc)/Avail_Doc)))) -> 0.072134024 | H15: =MIN(0.5,MAX(0,NORMINV(RAND(),BaseAbsence_Nurse,SQRT(BaseAbsence_Nurse*(1-BaseAbsence_Nurse)/Avail_Nurse)))) -> 0.1103596 | I15: =MIN(0.5,MAX(0,NORMINV(RAND(),BaseAbsence_Tech,SQRT(BaseAbsence_Tech*(1-BaseAbsence_Tech)/Avail_Tech)))) -> 0.16615035 | J15: =MAX(0,ROUND(NORMINV(RAND(),Arr_M,SD_M)*IF(AND($D15=1,$E15=1),1+IncidentSeverity,1),0)) -> 77 | K15: =MAX(0,ROUND(NORMINV(RAND(),Arr_E,SD_E)*IF(AND($D15=1,$E15=2),1+IncidentSeverity,1),0)) -> 105 | L15: =MAX(0,ROUND(NORMINV(RAND(),Arr_N,SD_N)*IF(AND($D15=1,$E15=3),1+IncidentSeverity,1),0)) -> 59 | M15: =MAX(MAX(0,($J15*(1+0.5*Acuity_M))-(Model!$G$24*(1+OTCapPct)*(Cap_Doc*$C15*(1-$G15)))),MAX(0,($J15)-(Model!$G$6*(1+OTCapPct)*(Cap_Nurse*$C15*(1-$H15)))),MAX(0,($J15)-(Model!$G$15*(1+OTCapPct)*(Cap_Tech*$C15*(1-$I15)))),MAX(0,$J15-((BedsCurrent+BedsAdded)*ShiftHours*$F15/BedHr_M)),MAX(0,$J15*Acuity_M-(ImgBase+ImgExpOn*ImgExpAdd)),MAX(0,$J15-(LabBase+LabExpOn*LabExpAdd))) -> 0 | N15: =MAX(MAX(0,($K15*(1+0.5*Acuity_E))-(Model!$G$25*(1+OTCapPct)*(Cap_Doc*$C15*(1-$G15)))),MAX(0,($K15)-(Model!$G$7*(1+OTCapPct)*(Cap_Nurse*$C15*(1-$H15)))),MAX(0,($K15)-(Model!$G$16*(1+OTCapPct)*(Cap_Tech*$C15*(1-$I15)))),MAX(0,$K15-((BedsCurrent+BedsAdded)*ShiftHours*$F15/BedHr_E)),MAX(0,$K15*Acuity_E-(ImgBase+ImgExpOn*ImgExpAdd)),MAX(0,$K15-(LabBase+LabExpOn*LabExpAdd))) -> 10 | O15: =MAX(MAX(0,($L15*(1+0.5*Acuity_N))-(Model!$G$26*(1+OTCapPct)*(Cap_Doc*$C15*(1-$G15)))),MAX(0,($L15)-(Model!$G$8*(1+OTCapPct)*(Cap_Nurse*$C15*(1-$H15)))),MAX(0,($L15)-(Model!$G$17*(1+OTCapPct)*(Cap_Tech*$C15*(1-$I15)))),MAX(0,$L15-((BedsCurrent+BedsAdded)*ShiftHours*$F15/BedHr_N)),MAX(0,$L15*Acuity_N-(ImgBase+ImgExpOn*ImgExpAdd)),MAX(0,$L15-(LabBase+LabExpOn*LabExpAdd))) -> 0 | P15: =M15+N15+O15 -> 10 | Q15: =((MIN(OTCapPct*Model!$G$24,MAX(0,(($J15*(1+0.5*Acuity_M))/(Cap_Doc*$C15*(1-$G15)))-Model!$G$24)))*OTCost_Doc)+((MIN(OTCapPct*Model!$G$6,MAX(0,(($J15)/(Cap_Nurse*$C15*(1-$H15)))-Model!$G$6)))*OTCost_Nurse)+((MIN(OTCapPct*Model!$G$15,MAX(0,(($J15)/(Cap_Tech*$C15*(1-$I15)))-Model!$G$15)))*OTCost_Tech)+((MIN(OTCapPct*Model!$G$25,MAX(0,(($K15*(1+0.5*Acuity_E))/(Cap_Doc*$C15*(1-$G15)))-Model!$G$25)))*OTCost_Doc)+((MIN(OTCapPct*Model!$G$7,MAX(0,(($K15)/(Cap_Nurse*$C15*(1-$H15)))-Model!$G$7)))*OTCost_Nurse)+((MIN(OTCapPct*Model!$G$16,MAX(0,(($K15)/(Cap_Tech*$C15*(1-$I15)))-Model!$G$16)))*OTCost_Tech)+((MIN(OTCapPct*Model!$G$26,MAX(0,(($L15*(1+0.5*Acuity_N))/(Cap_Doc*$C15*(1-$G15)))-Model!$G$26)))*OTCost_Doc)+((MIN(OTCapPct*Model!$G$8,MAX(0,(($L15)/(Cap_Nurse*$C15*(1-$H15)))-Model!$G$8)))*OTCost_Nurse)+((MIN(OTCapPct*Model!$G$17,MAX(0,(($L15)/(Cap_Tech*$C15*(1-$I15)))-Model!$G$17)))*OTCost_Tech) -> 48162.878
A16: 12 | B16: =IF(RAND()<P_Normal,"Normal",IF(RAND()<P_Complex/(P_Complex+P_Severe),"Complex","Severe")) -> Severe | C16: =IF(B16="Normal",1,IF(B16="Complex",0.9,0.8)) -> 0.8 | D16: =IF(RAND()<P_Incident,1,0) -> 0 | E16: =RANDBETWEEN(1,3) -> 2 | F16: =1-BedHrVariability+RAND()*2*BedHrVariability -> 1.0456523 | G16: =MIN(0.5,MAX(0,NORMINV(RAND(),BaseAbsence_Doc,SQRT(BaseAbsence_Doc*(1-BaseAbsence_Doc)/Avail_Doc)))) -> 0.047208106 | H16: =MIN(0.5,MAX(0,NORMINV(RAND(),BaseAbsence_Nurse,SQRT(BaseAbsence_Nurse*(1-BaseAbsence_Nurse)/Avail_Nurse)))) -> 0.10072887 | I16: =MIN(0.5,MAX(0,NORMINV(RAND(),BaseAbsence_Tech,SQRT(BaseAbsence_Tech*(1-BaseAbsence_Tech)/Avail_Tech)))) -> 0.089546129 | J16: =MAX(0,ROUND(NORMINV(RAND(),Arr_M,SD_M)*IF(AND($D16=1,$E16=1),1+IncidentSeverity,1),0)) -> 99 | K16: =MAX(0,ROUND(NORMINV(RAND(),Arr_E,SD_E)*IF(AND($D16=1,$E16=2),1+IncidentSeverity,1),0)) -> 127 | L16: =MAX(0,ROUND(NORMINV(RAND(),Arr_N,SD_N)*IF(AND($D16=1,$E16=3),1+IncidentSeverity,1),0)) -> 58 | M16: =MAX(MAX(0,($J16*(1+0.5*Acuity_M))-(Model!$G$24*(1+OTCapPct)*(Cap_Doc*$C16*(1-$G16)))),MAX(0,($J16)-(Model!$G$6*(1+OTCapPct)*(Cap_Nurse*$C16*(1-$H16)))),MAX(0,($J16)-(Model!$G$15*(1+OTCapPct)*(Cap_Tech*$C16*(1-$I16)))),MAX(0,$J16-((BedsCurrent+BedsAdded)*ShiftHours*$F16/BedHr_M)),MAX(0,$J16*Acuity_M-(ImgBase+ImgExpOn*ImgExpAdd)),MAX(0,$J16-(LabBase+LabExpOn*LabExpAdd))) -> 24.13873 | N16: =MAX(MAX(0,($K16*(1+0.5*Acuity_E))-(Model!$G$25*(1+OTCapPct)*(Cap_Doc*$C16*(1-$G16)))),MAX(0,($K16)-(Model!$G$7*(1+OTCapPct)*(Cap_Nurse*$C16*(1-$H16)))),MAX(0,($K16)-(Model!$G$16*(1+OTCapPct)*(Cap_Tech*$C16*(1-$I16)))),MAX(0,$K16-((BedsCurrent+BedsAdded)*ShiftHours*$F16/BedHr_E)),MAX(0,$K16*Acuity_E-(ImgBase+ImgExpOn*ImgExpAdd)),MAX(0,$K16-(LabBase+LabExpOn*LabExpAdd))) -> 32 | O16: =MAX(MAX(0,($L16*(1+0.5*Acuity_N))-(Model!$G$26*(1+OTCapPct)*(Cap_Doc*$C16*(1-$G16)))),MAX(0,($L16)-(Model!$G$8*(1+OTCapPct)*(Cap_Nurse*$C16*(1-$H16)))),MAX(0,($L16)-(Model!$G$17*(1+OTCapPct)*(Cap_Tech*$C16*(1-$I16)))),MAX(0,$L16-((BedsCurrent+BedsAdded)*ShiftHours*$F16/BedHr_N)),MAX(0,$L16*Acuity_N-(ImgBase+ImgExpOn*ImgExpAdd)),MAX(0,$L16-(LabBase+LabExpOn*LabExpAdd))) -> 0 | P16: =M16+N16+O16 -> 56.13873 | Q16: =((MIN(OTCapPct*Model!$G$24,MAX(0,(($J16*(1+0.5*Acuity_M))/(Cap_Doc*$C16*(1-$G16)))-Model!$G$24)))*OTCost_Doc)+((MIN(OTCapPct*Model!$G$6,MAX(0,(($J16)/(Cap_Nurse*$C16*(1-$H16)))-Model!$G$6)))*OTCost_Nurse)+((MIN(OTCapPct*Model!$G$15,MAX(0,(($J16)/(Cap_Tech*$C16*(1-$I16)))-Model!$G$15)))*OTCost_Tech)+((MIN(OTCapPct*Model!$G$25,MAX(0,(($K16*(1+0.5*Acuity_E))/(Cap_Doc*$C16*(1-$G16)))-Model!$G$25)))*OTCost_Doc)+((MIN(OTCapPct*Model!$G$7,MAX(0,(($K16)/(Cap_Nurse*$C16*(1-$H16)))-Model!$G$7)))*OTCost_Nurse)+((MIN(OTCapPct*Model!$G$16,MAX(0,(($K16)/(Cap_Tech*$C16*(1-$I16)))-Model!$G$16)))*OTCost_Tech)+((MIN(OTCapPct*Model!$G$26,MAX(0,(($L16*(1+0.5*Acuity_N))/(Cap_Doc*$C16*(1-$G16)))-Model!$G$26)))*OTCost_Doc)+((MIN(OTCapPct*Model!$G$8,MAX(0,(($L16)/(Cap_Nurse*$C16*(1-$H16)))-Model!$G$8)))*OTCost_Nurse)+((MIN(OTCapPct*Model!$G$17,MAX(0,(($L16)/(Cap_Tech*$C16*(1-$I16)))-Model!$G$17)))*OTCost_Tech) -> 93174.12
... A304: 300 | B304: =IF(RAND()<P_Normal,"Normal",IF(RAND()<P_Complex/(P_Complex+P_Severe),"Complex","Severe")) -> Complex | C304: =IF(B304="Normal",1,IF(B304="Complex",0.9,0.8)) -> 0.9 | D304: =IF(RAND()<P_Incident,1,0) -> 0 | E304: =RANDBETWEEN(1,3) -> 1 | F304: =1-BedHrVariability+RAND()*2*BedHrVariability -> 1.0162569 | G304: =MIN(0.5,MAX(0,NORMINV(RAND(),BaseAbsence_Doc,SQRT(BaseAbsence_Doc*(1-BaseAbsence_Doc)/Avail_Doc)))) -> 0.041698472 | H304: =MIN(0.5,MAX(0,NORMINV(RAND(),BaseAbsence_Nurse,SQRT(BaseAbsence_Nurse*(1-BaseAbsence_Nurse)/Avail_Nurse)))) -> 0.10094262 | I304: =MIN(0.5,MAX(0,NORMINV(RAND(),BaseAbsence_Tech,SQRT(BaseAbsence_Tech*(1-BaseAbsence_Tech)/Avail_Tech)))) -> 0.080457961 | J304: =MAX(0,ROUND(NORMINV(RAND(),Arr_M,SD_M)*IF(AND($D304=1,$E304=1),1+IncidentSeverity,1),0)) -> 76 | K304: =MAX(0,ROUND(NORMINV(RAND(),Arr_E,SD_E)*IF(AND($D304=1,$E304=2),1+IncidentSeverity,1),0)) -> 134 | L304: =MAX(0,ROUND(NORMINV(RAND(),Arr_N,SD_N)*IF(AND($D304=1,$E304=3),1+IncidentSeverity,1),0)) -> 64 | M304: =MAX(MAX(0,($J304*(1+0.5*Acuity_M))-(Model!$G$24*(1+OTCapPct)*(Cap_Doc*$C304*(1-$G304)))),MAX(0,($J304)-(Model!$G$6*(1+OTCapPct)*(Cap_Nurse*$C304*(1-$H304)))),MAX(0,($J304)-(Model!$G$15*(1+OTCapPct)*(Cap_Tech*$C304*(1-$I304)))),MAX(0,$J304-((BedsCurrent+BedsAdded)*ShiftHours*$F304/BedHr_M)),MAX(0,$J304*Acuity_M-(ImgBase+ImgExpOn*ImgExpAdd)),MAX(0,$J304-(LabBase+LabExpOn*LabExpAdd))) -> 0 | N304: =MAX(MAX(0,($K304*(1+0.5*Acuity_E))-(Model!$G$25*(1+OTCapPct)*(Cap_Doc*$C304*(1-$G304)))),MAX(0,($K304)-(Model!$G$7*(1+OTCapPct)*(Cap_Nurse*$C304*(1-$H304)))),MAX(0,($K304)-(Model!$G$16*(1+OTCapPct)*(Cap_Tech*$C304*(1-$I304)))),MAX(0,$K304-((BedsCurrent+BedsAdded)*ShiftHours*$F304/BedHr_E)),MAX(0,$K304*Acuity_E-(ImgBase+ImgExpOn*ImgExpAdd)),MAX(0,$K304-(LabBase+LabExpOn*LabExpAdd))) -> 39 | O304: =MAX(MAX(0,($L304*(1+0.5*Acuity_N))-(Model!$G$26*(1+OTCapPct)*(Cap_Doc*$C304*(1-$G304)))),MAX(0,($L304)-(Model!$G$8*(1+OTCapPct)*(Cap_Nurse*$C304*(1-$H304)))),MAX(0,($L304)-(Model!$G$17*(1+OTCapPct)*(Cap_Tech*$C304*(1-$I304)))),MAX(0,$L304-((BedsCurrent+BedsAdded)*ShiftHours*$F304/BedHr_N)),MAX(0,$L304*Acuity_N-(ImgBase+ImgExpOn*ImgExpAdd)),MAX(0,$L304-(LabBase+LabExpOn*LabExpAdd))) -> 0 | P304: =M304+N304+O304 -> 39 | Q304: =((MIN(OTCapPct*Model!$G$24,MAX(0,(($J304*(1+0.5*Acuity_M))/(Cap_Doc*$C304*(1-$G304)))-Model!$G$24)))*OTCost_Doc)+((MIN(OTCapPct*Model!$G$6,MAX(0,(($J304)/(Cap_Nurse*$C304*(1-$H304)))-Model!$G$6)))*OTCost_Nurse)+((MIN(OTCapPct*Model!$G$15,MAX(0,(($J304)/(Cap_Tech*$C304*(1-$I304)))-Model!$G$15)))*OTCost_Tech)+((MIN(OTCapPct*Model!$G$25,MAX(0,(($K304*(1+0.5*Acuity_E))/(Cap_Doc*$C304*(1-$G304)))-Model!$G$25)))*OTCost_Doc)+((MIN(OTCapPct*Model!$G$7,MAX(0,(($K304)/(Cap_Nurse*$C304*(1-$H304)))-Model!$G$7)))*OTCost_Nurse)+((MIN(OTCapPct*Model!$G$16,MAX(0,(($K304)/(Cap_Tech*$C304*(1-$I304)))-Model!$G$16)))*OTCost_Tech)+((MIN(OTCapPct*Model!$G$26,MAX(0,(($L304*(1+0.5*Acuity_N))/(Cap_Doc*$C304*(1-$G304)))-Model!$G$26)))*OTCost_Doc)+((MIN(OTCapPct*Model!$G$8,MAX(0,(($L304)/(Cap_Nurse*$C304*(1-$H304)))-Model!$G$8)))*OTCost_Nurse)+((MIN(OTCapPct*Model!$G$17,MAX(0,(($L304)/(Cap_Tech*$C304*(1-$I304)))-Model!$G$17)))*OTCost_Tech) -> 70261.163
A306: SIMULATION SUMMARY (across all trials)
A307: Trials simulated | B307: =300 -> 300
A308: P(day meets 95% coverage target) | B308: =AVERAGE(#REF!) -> #REF!
A309: P(any shift understaffed at all) | B309: =COUNTIF(M5:O304,">0")/(300*3) -> 0.51888889
A310: Average total unmet patients / day | B310: =AVERAGE(P5:P304) -> 34.803421
A311: Average diversions / day (unmet × DivertShare) | B311: =AVERAGE(P5:P304)*DivertShare -> 10.441026
A312: Average reactive overtime cost / day | B312: =AVERAGE(Q5:Q304) -> 51281
A313: 95th-percentile unmet patients / day (bad-day risk) | B313: =PERCENTILE(P5:P304,0.95) -> 70.878831
A314: Worst single-shift unmet observed | B314: =MAX(M5:O304) -> 99
A315: Average unmet — Morning | B315: =AVERAGE(M5:M304) -> 4.0859895
A316: Average unmet — Evening | B316: =AVERAGE(N5:N304) -> 28.308897
A317: Average unmet — Night | B317: =AVERAGE(O5:O304) -> 2.4085348
A318: Riskiest shift (highest avg. unmet) | B318: =IF(AND(B315>=B316,B315>=B317),"Morning",IF(B316>=B317,"Evening","Night")) -> Evening
